split,sample_id,signer_id,label,take,frames
train,S003_20260818_154538_01_003,S003,ㄱ,3,12
train,S004_20260820_184432_01_006,S004,ㄱ,6,12
train,S004_20260820_184432_01_007,S004,ㄱ,7,12
train,S001_01_008,S001,ㄱ,8,12
train,S002_20260817_225500_01_002,S002,ㄱ,2,9
train,S002_20260817_225500_01_007,S002,ㄱ,7,12
train,S003_20260818_154538_01_008,S003,ㄱ,8,11
train,S004_20260820_184432_01_009,S004,ㄱ,9,12
train,S001_01_009,S001,ㄱ,9,12
train,S002_20260817_225500_01_009,S002,ㄱ,9,11
train,S004_20260820_184432_01_003,S004,ㄱ,3,12
train,S001_01_004,S001,ㄱ,4,12
train,S001_01_006,S001,ㄱ,6,12
train,S002_20260817_225500_01_008,S002,ㄱ,8,12
train,S002_20260817_225500_01_005,S002,ㄱ,5,11
train,S004_20260820_184432_01_010,S004,ㄱ,10,12
train,S004_20260820_184432_01_002,S004,ㄱ,2,12
train,S003_20260818_154538_01_007,S003,ㄱ,7,11
train,S002_20260817_225500_01_001,S002,ㄱ,1,11
train,S002_20260817_225500_01_010,S002,ㄱ,10,11
train,S003_20260818_154538_01_004,S003,ㄱ,4,11
train,S004_20260820_184432_01_005,S004,ㄱ,5,12
train,S004_20260820_184432_01_001,S004,ㄱ,1,12
train,S001_01_010,S001,ㄱ,10,12
train,S004_20260820_184432_01_008,S004,ㄱ,8,12
train,S003_20260818_154538_01_006,S003,ㄱ,6,9
train,S001_01_002,S001,ㄱ,2,12
train,S001_01_007,S001,ㄱ,7,12
train,S002_20260817_225500_01_003,S002,ㄱ,3,12
train,S004_20260820_184432_01_004,S004,ㄱ,4,12
train,S001_01_005,S001,ㄱ,5,12
train,S003_20260818_154538_01_005,S003,ㄱ,5,11
train,S003_20260818_154538_01_001,S003,ㄱ,1,11
train,S001_01_003,S001,ㄱ,3,12
train,S001_02_017,S001,ㄴ,17,12
train,S001_02_001,S001,ㄴ,1,12
train,S004_20260820_184432_02_004,S004,ㄴ,4,12
train,S001_02_003,S001,ㄴ,3,12
train,S004_20260820_184432_02_010,S004,ㄴ,10,12
train,S001_02_008,S001,ㄴ,8,12
train,S003_20260818_154538_02_008,S003,ㄴ,8,11
train,S002_20260817_225500_02_007,S002,ㄴ,7,12
train,S001_02_009,S001,ㄴ,9,12
train,S003_20260818_154538_02_003,S003,ㄴ,3,12
train,S002_20260817_225500_02_005,S002,ㄴ,5,12
train,S001_02_002,S001,ㄴ,2,12
train,S001_02_004,S001,ㄴ,4,12
train,S004_20260820_184432_02_001,S004,ㄴ,1,12
train,S001_02_010,S001,ㄴ,10,12
train,S004_20260820_184432_02_006,S004,ㄴ,6,12
train,S001_02_019,S001,ㄴ,19,12
train,S004_20260820_184432_02_009,S004,ㄴ,9,12
train,S002_20260817_225500_02_001,S002,ㄴ,1,12
train,S002_20260817_225500_02_010,S002,ㄴ,10,12
train,S001_02_011,S001,ㄴ,11,12
train,S001_02_013,S001,ㄴ,13,12
train,S004_20260820_184432_02_008,S004,ㄴ,8,12
train,S004_20260820_184432_02_003,S004,ㄴ,3,12
train,S004_20260820_184432_02_007,S004,ㄴ,7,12
train,S004_20260820_184432_02_005,S004,ㄴ,5,12
train,S001_02_006,S001,ㄴ,6,12
train,S003_20260818_154538_02_007,S003,ㄴ,7,12
train,S003_20260818_154538_02_005,S003,ㄴ,5,12
train,S001_02_015,S001,ㄴ,15,12
train,S001_02_014,S001,ㄴ,14,12
train,S004_20260820_184432_02_002,S004,ㄴ,2,12
train,S003_20260818_154538_02_009,S003,ㄴ,9,12
train,S002_20260817_225500_02_008,S002,ㄴ,8,12
train,S003_20260818_154538_02_001,S003,ㄴ,1,12
train,S001_02_005,S001,ㄴ,5,12
train,S003_20260818_154538_02_010,S003,ㄴ,10,12
train,S001_02_012,S001,ㄴ,12,12
train,S003_20260818_154538_02_006,S003,ㄴ,6,10
train,S001_02_016,S001,ㄴ,16,12
train,S001_02_007,S001,ㄴ,7,12
train,S002_20260817_225500_02_002,S002,ㄴ,2,12
train,S003_20260818_154538_02_002,S003,ㄴ,2,11
train,S002_20260817_225500_02_006,S002,ㄴ,6,12
train,S002_20260817_225500_02_004,S002,ㄴ,4,12
train,S002_20260817_225500_02_003,S002,ㄴ,3,12
train,S002_20260817_225500_03_004,S002,ㄷ,4,12
train,S002_20260817_225500_03_002,S002,ㄷ,2,12
train,S003_20260818_154538_03_010,S003,ㄷ,10,12
train,S004_20260820_184432_03_009,S004,ㄷ,9,12
train,S002_20260817_225500_03_006,S002,ㄷ,6,12
train,S002_20260817_225500_03_009,S002,ㄷ,9,12
train,S001_03_005,S001,ㄷ,5,12
train,S003_20260818_154538_03_006,S003,ㄷ,6,12
train,S004_20260820_184432_03_005,S004,ㄷ,5,12
train,S004_20260820_184432_03_003,S004,ㄷ,3,12
train,S001_03_009,S001,ㄷ,9,12
train,S002_20260817_225500_03_010,S002,ㄷ,10,12
train,S001_03_008,S001,ㄷ,8,12
train,S001_03_002,S001,ㄷ,2,12
train,S004_20260820_184432_03_008,S004,ㄷ,8,12
train,S003_20260818_154538_03_008,S003,ㄷ,8,12
train,S004_20260820_184432_03_004,S004,ㄷ,4,12
train,S004_20260820_184432_03_006,S004,ㄷ,6,12
train,S004_20260820_184432_03_007,S004,ㄷ,7,12
train,S003_20260818_154538_03_005,S003,ㄷ,5,12
train,S003_20260818_154538_03_002,S003,ㄷ,2,12
train,S003_20260818_154538_03_001,S003,ㄷ,1,12
train,S001_03_003,S001,ㄷ,3,12
train,S001_03_004,S001,ㄷ,4,12
train,S004_20260820_184432_03_010,S004,ㄷ,10,12
train,S002_20260817_225500_03_007,S002,ㄷ,7,12
train,S002_20260817_225500_03_001,S002,ㄷ,1,12
train,S003_20260818_154538_03_007,S003,ㄷ,7,12
train,S003_20260818_154538_03_009,S003,ㄷ,9,12
train,S004_20260820_184432_03_001,S004,ㄷ,1,12
train,S001_03_006,S001,ㄷ,6,12
train,S003_20260818_154538_03_004,S003,ㄷ,4,12
train,S002_20260817_225500_03_005,S002,ㄷ,5,12
train,S001_03_007,S001,ㄷ,7,12
train,S002_20260817_225500_03_008,S002,ㄷ,8,12
train,S003_20260818_154538_03_003,S003,ㄷ,3,12
train,S004_20260820_184432_04_010,S004,ㄹ,10,12
train,S003_20260818_154538_04_005,S003,ㄹ,5,9
train,S004_20260820_184432_04_008,S004,ㄹ,8,12
train,S003_20260818_154538_04_002,S003,ㄹ,2,12
train,S002_20260817_225500_04_001,S002,ㄹ,1,12
train,S002_20260817_225500_04_009,S002,ㄹ,9,12
train,S003_20260818_154538_04_001,S003,ㄹ,1,12
train,S003_20260818_154538_04_006,S003,ㄹ,6,11
train,S004_20260820_184432_04_009,S004,ㄹ,9,12
train,S003_20260818_154538_04_007,S003,ㄹ,7,12
train,S004_20260820_184432_04_003,S004,ㄹ,3,12
train,S001_04_008,S001,ㄹ,8,12
train,S003_20260818_154538_04_004,S003,ㄹ,4,12
train,S002_20260817_225500_04_002,S002,ㄹ,2,11
train,S002_20260817_225500_04_004,S002,ㄹ,4,12
train,S003_20260818_154538_04_010,S003,ㄹ,10,12
train,S002_20260817_225500_04_007,S002,ㄹ,7,12
train,S002_20260817_225500_04_010,S002,ㄹ,10,12
train,S001_04_006,S001,ㄹ,6,12
train,S001_04_003,S001,ㄹ,3,12
train,S003_20260818_154538_04_008,S003,ㄹ,8,12
train,S001_04_009,S001,ㄹ,9,12
train,S004_20260820_184432_04_001,S004,ㄹ,1,12
train,S004_20260820_184432_04_006,S004,ㄹ,6,12
train,S002_20260817_225500_04_006,S002,ㄹ,6,12
train,S001_04_001,S001,ㄹ,1,12
train,S001_04_010,S001,ㄹ,10,12
train,S002_20260817_225500_04_005,S002,ㄹ,5,12
train,S001_04_005,S001,ㄹ,5,12
train,S002_20260817_225500_04_008,S002,ㄹ,8,12
train,S003_20260818_154538_04_009,S003,ㄹ,9,12
train,S001_04_007,S001,ㄹ,7,12
train,S001_04_002,S001,ㄹ,2,12
train,S004_20260820_184432_04_007,S004,ㄹ,7,12
train,S003_20260818_154538_04_003,S003,ㄹ,3,12
train,S002_20260817_225500_04_003,S002,ㄹ,3,11
train,S004_20260820_184432_04_002,S004,ㄹ,2,12
train,S001_05_011,S001,ㅁ,11,12
train,S002_20260817_225500_05_007,S002,ㅁ,7,12
train,S003_20260818_154538_05_004,S003,ㅁ,4,11
train,S002_20260817_225500_05_002,S002,ㅁ,2,12
train,S001_05_004,S001,ㅁ,4,12
train,S004_20260820_184432_05_001,S004,ㅁ,1,12
train,S003_20260818_154538_05_002,S003,ㅁ,2,11
train,S001_05_008,S001,ㅁ,8,12
train,S004_20260820_184432_05_004,S004,ㅁ,4,12
train,S002_20260817_225500_05_005,S002,ㅁ,5,11
train,S001_05_006,S001,ㅁ,6,7
train,S001_05_003,S001,ㅁ,3,11
train,S001_05_010,S001,ㅁ,10,12
train,S004_20260820_184432_05_010,S004,ㅁ,10,12
train,S001_05_002,S001,ㅁ,2,12
train,S003_20260818_154538_05_005,S003,ㅁ,5,8
train,S003_20260818_154538_05_006,S003,ㅁ,6,7
train,S001_05_005,S001,ㅁ,5,12
train,S004_20260820_184432_05_006,S004,ㅁ,6,12
train,S003_20260818_154538_05_001,S003,ㅁ,1,12
train,S004_20260820_184432_05_005,S004,ㅁ,5,12
train,S003_20260818_154538_05_008,S003,ㅁ,8,9
train,S003_20260818_154538_05_010,S003,ㅁ,10,12
train,S002_20260817_225500_05_009,S002,ㅁ,9,8
train,S002_20260817_225500_05_003,S002,ㅁ,3,12
train,S003_20260818_154538_05_007,S003,ㅁ,7,6
train,S004_20260820_184432_05_007,S004,ㅁ,7,12
train,S002_20260817_225500_05_008,S002,ㅁ,8,12
train,S001_05_007,S001,ㅁ,7,12
train,S004_20260820_184432_05_002,S004,ㅁ,2,12
train,S002_20260817_225500_05_001,S002,ㅁ,1,12
train,S001_05_009,S001,ㅁ,9,11
train,S002_20260817_225500_05_006,S002,ㅁ,6,12
train,S001_05_001,S001,ㅁ,1,12
train,S003_20260818_154538_05_009,S003,ㅁ,9,12
train,S004_20260820_184432_05_009,S004,ㅁ,9,12
train,S004_20260820_184432_05_003,S004,ㅁ,3,12
train,S004_20260820_184432_06_009,S004,ㅂ,9,12
train,S002_20260817_225500_06_002,S002,ㅂ,2,12
train,S004_20260820_184432_06_006,S004,ㅂ,6,12
train,S002_20260817_225500_06_008,S002,ㅂ,8,11
train,S004_20260820_184432_06_003,S004,ㅂ,3,12
train,S002_20260817_225500_06_003,S002,ㅂ,3,11
train,S001_06_007,S001,ㅂ,7,12
train,S001_06_009,S001,ㅂ,9,12
train,S002_20260817_225500_06_005,S002,ㅂ,5,12
train,S001_06_008,S001,ㅂ,8,12
train,S001_06_004,S001,ㅂ,4,12
train,S004_20260820_184432_06_001,S004,ㅂ,1,12
train,S003_20260818_154538_06_005,S003,ㅂ,5,12
train,S001_06_010,S001,ㅂ,10,12
train,S003_20260818_154538_06_002,S003,ㅂ,2,12
train,S003_20260818_154538_06_010,S003,ㅂ,10,8
train,S001_06_003,S001,ㅂ,3,12
train,S003_20260818_154538_06_007,S003,ㅂ,7,12
train,S001_06_005,S001,ㅂ,5,12
train,S002_20260817_225500_06_007,S002,ㅂ,7,12
train,S003_20260818_154538_06_003,S003,ㅂ,3,12
train,S004_20260820_184432_06_007,S004,ㅂ,7,12
train,S003_20260818_154538_06_008,S003,ㅂ,8,12
train,S004_20260820_184432_06_010,S004,ㅂ,10,12
train,S003_20260818_154538_06_009,S003,ㅂ,9,12
train,S001_06_006,S001,ㅂ,6,12
train,S003_20260818_154538_06_006,S003,ㅂ,6,12
train,S003_20260818_154538_06_001,S003,ㅂ,1,10
train,S001_06_001,S001,ㅂ,1,12
train,S002_20260817_225500_06_009,S002,ㅂ,9,11
train,S002_20260817_225500_06_010,S002,ㅂ,10,12
train,S002_20260817_225500_06_001,S002,ㅂ,1,12
train,S002_20260817_225500_06_006,S002,ㅂ,6,12
train,S001_06_002,S001,ㅂ,2,12
train,S003_20260818_154538_06_004,S003,ㅂ,4,8
train,S004_20260820_184432_06_004,S004,ㅂ,4,12
train,S004_20260820_184432_06_002,S004,ㅂ,2,12
train,S002_20260817_225500_07_006,S002,ㅅ,6,6
train,S002_20260817_225500_07_009,S002,ㅅ,9,11
train,S001_07_003,S001,ㅅ,3,11
train,S002_20260817_225500_07_001,S002,ㅅ,1,7
train,S001_07_004,S001,ㅅ,4,12
train,S004_20260820_184432_07_004,S004,ㅅ,4,12
train,S004_20260820_184432_07_009,S004,ㅅ,9,12
train,S001_07_011,S001,ㅅ,11,9
train,S002_20260817_225500_07_010,S002,ㅅ,10,8
train,S001_07_006,S001,ㅅ,6,10
train,S004_20260820_184432_07_001,S004,ㅅ,1,12
train,S002_20260817_225500_07_007,S002,ㅅ,7,11
train,S004_20260820_184432_07_002,S004,ㅅ,2,12
train,S004_20260820_184432_07_005,S004,ㅅ,5,12
train,S004_20260820_184432_07_006,S004,ㅅ,6,12
train,S004_20260820_184432_07_007,S004,ㅅ,7,12
train,S002_20260817_225500_07_003,S002,ㅅ,3,7
train,S003_20260818_154538_07_003,S003,ㅅ,3,8
train,S001_07_010,S001,ㅅ,10,12
train,S002_20260817_225500_07_004,S002,ㅅ,4,12
train,S001_07_009,S001,ㅅ,9,11
train,S001_07_005,S001,ㅅ,5,8
train,S003_20260818_154538_07_001,S003,ㅅ,1,9
train,S002_20260817_225500_07_002,S002,ㅅ,2,8
train,S004_20260820_184432_07_010,S004,ㅅ,10,12
train,S002_20260817_225500_07_008,S002,ㅅ,8,12
train,S003_20260818_154538_07_008,S003,ㅅ,8,6
train,S002_20260817_225500_08_008,S002,ㅇ,8,12
train,S001_08_006,S001,ㅇ,6,12
train,S001_08_005,S001,ㅇ,5,9
train,S004_20260820_184432_08_005,S004,ㅇ,5,12
train,S004_20260820_184432_08_002,S004,ㅇ,2,12
train,S003_20260818_154538_08_010,S003,ㅇ,10,8
train,S004_20260820_184432_08_006,S004,ㅇ,6,12
train,S002_20260817_225500_08_002,S002,ㅇ,2,12
train,S001_08_010,S001,ㅇ,10,12
train,S001_08_008,S001,ㅇ,8,11
train,S004_20260820_184432_08_003,S004,ㅇ,3,12
train,S002_20260817_225500_08_006,S002,ㅇ,6,12
train,S002_20260817_225500_08_001,S002,ㅇ,1,11
train,S003_20260818_154538_08_005,S003,ㅇ,5,12
train,S002_20260817_225500_08_010,S002,ㅇ,10,12
train,S003_20260818_154538_08_002,S003,ㅇ,2,10
train,S001_08_002,S001,ㅇ,2,10
train,S004_20260820_184432_08_004,S004,ㅇ,4,12
train,S002_20260817_225500_08_005,S002,ㅇ,5,12
train,S003_20260818_154538_08_006,S003,ㅇ,6,12
train,S004_20260820_184432_08_009,S004,ㅇ,9,12
train,S002_20260817_225500_08_003,S002,ㅇ,3,12
train,S003_20260818_154538_08_004,S003,ㅇ,4,12
train,S004_20260820_184432_08_007,S004,ㅇ,7,12
train,S003_20260818_154538_08_009,S003,ㅇ,9,11
train,S001_08_003,S001,ㅇ,3,10
train,S001_08_004,S001,ㅇ,4,12
train,S001_08_001,S001,ㅇ,1,10
train,S001_08_007,S001,ㅇ,7,12
train,S004_20260820_184432_08_010,S004,ㅇ,10,12
train,S004_20260820_184432_08_001,S004,ㅇ,1,12
train,S002_20260817_225500_08_007,S002,ㅇ,7,12
train,S002_20260817_225500_08_004,S002,ㅇ,4,12
train,S003_20260818_154538_08_008,S003,ㅇ,8,12
train,S004_20260820_184432_08_008,S004,ㅇ,8,12
train,S003_20260818_154538_08_007,S003,ㅇ,7,10
train,S003_20260818_154538_08_003,S003,ㅇ,3,11
train,S003_20260818_154538_09_008,S003,ㅈ,8,10
train,S001_09_001,S001,ㅈ,1,8
train,S002_20260817_225500_09_007,S002,ㅈ,7,12
train,S004_20260820_190636_09_006,S004,ㅈ,6,12
train,S004_20260820_190636_09_004,S004,ㅈ,4,12
train,S001_09_007,S001,ㅈ,7,8
train,S002_20260817_225500_09_010,S002,ㅈ,10,12
train,S003_20260818_154538_09_010,S003,ㅈ,10,8
train,S004_20260820_190636_09_001,S004,ㅈ,1,12
train,S002_20260817_225500_09_002,S002,ㅈ,2,11
train,S003_20260818_154538_09_011,S003,ㅈ,11,11
train,S003_20260818_154538_09_005,S003,ㅈ,5,6
train,S003_20260818_154538_09_002,S003,ㅈ,2,11
train,S001_09_003,S001,ㅈ,3,12
train,S004_20260820_190636_09_003,S004,ㅈ,3,12
train,S002_20260817_225500_09_005,S002,ㅈ,5,12
train,S002_20260817_225500_09_006,S002,ㅈ,6,12
train,S002_20260817_225500_09_008,S002,ㅈ,8,12
train,S003_20260818_154538_09_004,S003,ㅈ,4,10
train,S003_20260818_154538_09_001,S003,ㅈ,1,10
train,S004_20260820_190636_09_009,S004,ㅈ,9,12
train,S002_20260817_225500_09_001,S002,ㅈ,1,12
train,S001_09_006,S001,ㅈ,6,12
train,S001_09_009,S001,ㅈ,9,9
train,S003_20260818_154538_09_009,S003,ㅈ,9,10
train,S004_20260820_190636_09_005,S004,ㅈ,5,12
train,S004_20260820_190636_09_008,S004,ㅈ,8,12
train,S002_20260817_225500_09_009,S002,ㅈ,9,12
train,S004_20260820_190636_09_002,S004,ㅈ,2,12
train,S001_09_008,S001,ㅈ,8,12
train,S001_09_005,S001,ㅈ,5,6
train,S004_20260820_190636_09_010,S004,ㅈ,10,12
train,S001_09_002,S001,ㅈ,2,6
train,S001_09_004,S001,ㅈ,4,10
train,S003_20260818_154538_10_002,S003,ㅊ,2,10
train,S003_20260818_154538_10_003,S003,ㅊ,3,11
train,S003_20260818_154538_10_007,S003,ㅊ,7,6
train,S003_20260818_154538_10_005,S003,ㅊ,5,11
train,S001_10_004,S001,ㅊ,4,12
train,S003_20260818_154538_10_010,S003,ㅊ,10,11
train,S004_20260820_190636_10_008,S004,ㅊ,8,12
train,S002_20260817_225500_10_007,S002,ㅊ,7,12
train,S002_20260817_225500_10_001,S002,ㅊ,1,12
train,S004_20260820_190636_10_010,S004,ㅊ,10,12
train,S004_20260820_190636_10_007,S004,ㅊ,7,12
train,S003_20260818_154538_10_006,S003,ㅊ,6,10
train,S004_20260820_190636_10_001,S004,ㅊ,1,12
train,S001_10_006,S001,ㅊ,6,12
train,S001_10_001,S001,ㅊ,1,10
train,S004_20260820_190636_10_009,S004,ㅊ,9,12
train,S004_20260820_190636_10_005,S004,ㅊ,5,12
train,S001_10_007,S001,ㅊ,7,10
train,S002_20260817_225500_10_005,S002,ㅊ,5,12
train,S003_20260818_154538_10_004,S003,ㅊ,4,9
train,S002_20260817_225500_10_002,S002,ㅊ,2,12
train,S002_20260817_225500_10_003,S002,ㅊ,3,12
train,S003_20260818_154538_10_008,S003,ㅊ,8,8
train,S004_20260820_190636_10_002,S004,ㅊ,2,12
train,S003_20260818_154538_10_001,S003,ㅊ,1,10
train,S001_10_008,S001,ㅊ,8,12
train,S004_20260820_190636_10_003,S004,ㅊ,3,12
train,S002_20260817_225500_10_008,S002,ㅊ,8,12
train,S001_10_003,S001,ㅊ,3,9
train,S001_10_005,S001,ㅊ,5,10
train,S002_20260817_225500_10_009,S002,ㅊ,9,12
train,S002_20260817_225500_10_004,S002,ㅊ,4,12
train,S002_20260817_225500_10_010,S002,ㅊ,10,12
train,S001_10_002,S001,ㅊ,2,12
train,S002_20260817_225500_11_008,S002,ㅋ,8,12
train,S001_11_004,S001,ㅋ,4,12
train,S004_20260820_190636_11_002,S004,ㅋ,2,12
train,S003_20260818_154538_11_007,S003,ㅋ,7,10
train,S004_20260820_190636_11_003,S004,ㅋ,3,12
train,S003_20260818_154538_11_002,S003,ㅋ,2,12
train,S002_20260817_225500_11_010,S002,ㅋ,10,12
train,S003_20260818_154538_11_006,S003,ㅋ,6,7
train,S002_20260817_225500_11_003,S002,ㅋ,3,12
train,S001_11_008,S001,ㅋ,8,12
train,S003_20260818_154538_11_005,S003,ㅋ,5,9
train,S002_20260817_225500_11_007,S002,ㅋ,7,12
train,S002_20260817_225500_11_009,S002,ㅋ,9,12
train,S003_20260818_154538_11_010,S003,ㅋ,10,7
train,S004_20260820_190636_11_009,S004,ㅋ,9,12
train,S003_20260818_154538_11_008,S003,ㅋ,8,10
train,S002_20260817_225500_11_006,S002,ㅋ,6,12
train,S002_20260817_225500_11_004,S002,ㅋ,4,12
train,S004_20260820_190636_11_010,S004,ㅋ,10,12
train,S003_20260818_154538_11_004,S003,ㅋ,4,12
train,S004_20260820_190636_11_006,S004,ㅋ,6,12
train,S003_20260818_154538_11_009,S003,ㅋ,9,6
train,S001_11_003,S001,ㅋ,3,12
train,S001_11_006,S001,ㅋ,6,12
train,S001_11_002,S001,ㅋ,2,12
train,S001_11_007,S001,ㅋ,7,12
train,S003_20260818_154538_11_003,S003,ㅋ,3,10
train,S001_11_001,S001,ㅋ,1,10
train,S003_20260818_154538_11_001,S003,ㅋ,1,6
train,S002_20260817_225500_11_005,S002,ㅋ,5,12
train,S004_20260820_190636_11_007,S004,ㅋ,7,12
train,S002_20260817_225500_11_002,S002,ㅋ,2,12
train,S004_20260820_190636_11_001,S004,ㅋ,1,12
train,S001_11_005,S001,ㅋ,5,12
train,S004_20260820_190636_11_008,S004,ㅋ,8,12
train,S001_11_009,S001,ㅋ,9,12
train,S003_20260818_154538_12_001,S003,ㅌ,1,12
train,S001_12_007,S001,ㅌ,7,11
train,S002_20260817_225500_12_005,S002,ㅌ,5,12
train,S001_12_009,S001,ㅌ,9,12
train,S003_20260818_154538_12_008,S003,ㅌ,8,7
train,S002_20260817_225500_12_010,S002,ㅌ,10,12
train,S003_20260818_154538_12_004,S003,ㅌ,4,9
train,S001_12_002,S001,ㅌ,2,12
train,S001_12_006,S001,ㅌ,6,11
train,S001_12_005,S001,ㅌ,5,12
train,S004_20260820_190636_12_008,S004,ㅌ,8,12
train,S004_20260820_190636_12_005,S004,ㅌ,5,12
train,S003_20260818_154538_12_010,S003,ㅌ,10,9
train,S003_20260818_154538_12_009,S003,ㅌ,9,12
train,S002_20260817_225500_12_001,S002,ㅌ,1,12
train,S001_12_004,S001,ㅌ,4,12
train,S004_20260820_190636_12_001,S004,ㅌ,1,12
train,S002_20260817_225500_12_008,S002,ㅌ,8,12
train,S001_12_003,S001,ㅌ,3,12
train,S004_20260820_190636_12_002,S004,ㅌ,2,12
train,S001_12_008,S001,ㅌ,8,11
train,S002_20260817_225500_12_006,S002,ㅌ,6,12
train,S002_20260817_225500_12_004,S002,ㅌ,4,12
train,S002_20260817_225500_12_007,S002,ㅌ,7,12
train,S002_20260817_225500_12_009,S002,ㅌ,9,12
train,S004_20260820_190636_12_006,S004,ㅌ,6,12
train,S002_20260817_225500_12_002,S002,ㅌ,2,12
train,S001_12_001,S001,ㅌ,1,12
train,S001_12_010,S001,ㅌ,10,12
train,S004_20260820_190636_12_003,S004,ㅌ,3,12
train,S003_20260818_154538_12_003,S003,ㅌ,3,11
train,S001_12_011,S001,ㅌ,11,12
train,S002_20260817_225500_12_003,S002,ㅌ,3,12
train,S003_20260818_154538_12_007,S003,ㅌ,7,10
train,S004_20260820_190636_12_009,S004,ㅌ,9,12
train,S003_20260818_154538_12_006,S003,ㅌ,6,11
train,S003_20260818_154538_12_002,S003,ㅌ,2,12
train,S004_20260820_190636_12_004,S004,ㅌ,4,12
train,S002_20260817_225500_13_008,S002,ㅍ,8,12
train,S002_20260817_225500_13_006,S002,ㅍ,6,12
train,S002_20260817_225500_13_009,S002,ㅍ,9,12
train,S004_20260820_190636_13_001,S004,ㅍ,1,12
train,S004_20260820_190636_13_010,S004,ㅍ,10,12
train,S003_20260818_154538_13_003,S003,ㅍ,3,12
train,S001_13_008,S001,ㅍ,8,12
train,S002_20260817_225500_13_007,S002,ㅍ,7,12
train,S001_13_005,S001,ㅍ,5,12
train,S004_20260820_190636_13_009,S004,ㅍ,9,12
train,S002_20260817_225500_13_001,S002,ㅍ,1,12
train,S002_20260817_225500_13_002,S002,ㅍ,2,12
train,S004_20260820_190636_13_002,S004,ㅍ,2,12
train,S002_20260817_225500_13_004,S002,ㅍ,4,12
train,S003_20260818_154538_13_007,S003,ㅍ,7,10
train,S002_20260817_225500_13_005,S002,ㅍ,5,12
train,S003_20260818_154538_13_010,S003,ㅍ,10,6
train,S004_20260820_190636_13_003,S004,ㅍ,3,12
train,S001_13_004,S001,ㅍ,4,12
train,S003_20260818_154538_13_004,S003,ㅍ,4,11
train,S001_13_006,S001,ㅍ,6,12
train,S001_13_002,S001,ㅍ,2,12
train,S002_20260817_225500_13_010,S002,ㅍ,10,12
train,S004_20260820_190636_13_008,S004,ㅍ,8,12
train,S004_20260820_190636_13_005,S004,ㅍ,5,12
train,S003_20260818_154538_13_002,S003,ㅍ,2,10
train,S002_20260817_225500_13_003,S002,ㅍ,3,12
train,S003_20260818_154538_13_008,S003,ㅍ,8,12
train,S001_13_003,S001,ㅍ,3,12
train,S003_20260818_154538_13_001,S003,ㅍ,1,12
train,S004_20260820_190636_13_006,S004,ㅍ,6,12
train,S004_20260820_190636_13_007,S004,ㅍ,7,12
train,S003_20260818_154538_13_009,S003,ㅍ,9,9
train,S001_13_007,S001,ㅍ,7,12
train,S003_20260818_154538_13_005,S003,ㅍ,5,8
train,S003_20260818_154538_14_004,S003,ㅎ,4,10
train,S002_20260817_225500_14_001,S002,ㅎ,1,11
train,S004_20260820_190636_14_003,S004,ㅎ,3,12
train,S004_20260820_190636_14_001,S004,ㅎ,1,12
train,S004_20260820_190636_14_008,S004,ㅎ,8,12
train,S004_20260820_190636_14_010,S004,ㅎ,10,12
train,S001_14_007,S001,ㅎ,7,12
train,S003_20260818_154538_14_003,S003,ㅎ,3,7
train,S002_20260817_225500_14_008,S002,ㅎ,8,12
train,S001_14_005,S001,ㅎ,5,12
train,S003_20260818_154538_14_009,S003,ㅎ,9,11
train,S004_20260820_190636_14_004,S004,ㅎ,4,12
train,S003_20260818_154538_14_008,S003,ㅎ,8,8
train,S002_20260817_225500_14_009,S002,ㅎ,9,11
train,S004_20260820_190636_14_009,S004,ㅎ,9,12
train,S001_14_001,S001,ㅎ,1,12
train,S002_20260817_225500_14_005,S002,ㅎ,5,12
train,S004_20260820_190636_14_007,S004,ㅎ,7,12
train,S002_20260817_225500_14_003,S002,ㅎ,3,12
train,S002_20260817_225500_14_010,S002,ㅎ,10,12
train,S001_14_010,S001,ㅎ,10,12
train,S002_20260817_225500_14_002,S002,ㅎ,2,11
train,S004_20260820_190636_14_006,S004,ㅎ,6,12
train,S001_14_008,S001,ㅎ,8,11
train,S001_14_004,S001,ㅎ,4,8
train,S002_20260817_225500_14_006,S002,ㅎ,6,12
train,S002_20260817_225500_14_004,S002,ㅎ,4,11
train,S003_20260818_154538_14_002,S003,ㅎ,2,11
train,S001_14_003,S001,ㅎ,3,12
train,S003_20260818_154538_14_005,S003,ㅎ,5,11
train,S002_20260817_225500_14_007,S002,ㅎ,7,12
train,S001_14_006,S001,ㅎ,6,9
train,S003_20260818_154538_14_007,S003,ㅎ,7,10
train,S003_20260818_154538_14_010,S003,ㅎ,10,7
train,S001_14_009,S001,ㅎ,9,12
train,S004_20260820_190636_14_005,S004,ㅎ,5,12
train,S004_20260820_190636_14_002,S004,ㅎ,2,12
train,S004_20260820_190636_20_003,S004,ㅏ,3,12
train,S002_20260817_225500_20_002,S002,ㅏ,2,12
train,S003_20260818_154538_20_015,S003,ㅏ,15,12
train,S001_20_011,S001,ㅏ,11,12
train,S002_20260817_225500_20_008,S002,ㅏ,8,12
train,S001_20_002,S001,ㅏ,2,12
train,S002_20260817_225500_20_009,S002,ㅏ,9,12
train,S002_20260817_225500_20_010,S002,ㅏ,10,12
train,S004_20260820_190636_20_010,S004,ㅏ,10,12
train,S004_20260820_190636_20_004,S004,ㅏ,4,12
train,S002_20260817_225500_20_004,S002,ㅏ,4,12
train,S001_20_009,S001,ㅏ,9,12
train,S001_20_010,S001,ㅏ,10,12
train,S003_20260818_154538_20_016,S003,ㅏ,16,12
train,S004_20260820_190636_20_009,S004,ㅏ,9,12
train,S003_20260818_154538_20_017,S003,ㅏ,17,12
train,S001_20_003,S001,ㅏ,3,12
train,S003_20260818_154538_20_018,S003,ㅏ,18,12
train,S002_20260817_225500_20_007,S002,ㅏ,7,12
train,S002_20260817_225500_20_005,S002,ㅏ,5,12
train,S003_20260818_154538_20_012,S003,ㅏ,12,12
train,S004_20260820_190636_20_001,S004,ㅏ,1,12
train,S004_20260820_190636_20_008,S004,ㅏ,8,12
train,S003_20260818_154538_20_013,S003,ㅏ,13,12
train,S003_20260818_154538_20_014,S003,ㅏ,14,12
train,S002_20260817_225500_20_003,S002,ㅏ,3,12
train,S003_20260818_154538_20_001,S003,ㅏ,1,11
train,S002_20260817_225500_20_001,S002,ㅏ,1,12
train,S001_20_004,S001,ㅏ,4,12
train,S001_20_005,S001,ㅏ,5,12
train,S004_20260820_190636_20_005,S004,ㅏ,5,12
train,S001_20_007,S001,ㅏ,7,12
train,S001_20_006,S001,ㅏ,6,12
train,S003_20260818_154538_20_019,S003,ㅏ,19,12
train,S004_20260820_190636_20_007,S004,ㅏ,7,12
train,S003_20260818_154538_20_011,S003,ㅏ,11,12
train,S004_20260820_190636_20_006,S004,ㅏ,6,12
train,S004_20260820_190636_20_002,S004,ㅏ,2,12
train,S001_21_004,S001,ㅑ,4,12
train,S002_20260817_225500_21_003,S002,ㅑ,3,12
train,S003_20260818_154538_21_002,S003,ㅑ,2,12
train,S003_20260818_154538_21_005,S003,ㅑ,5,12
train,S002_20260817_225500_21_001,S002,ㅑ,1,12
train,S002_20260817_225500_21_005,S002,ㅑ,5,12
train,S003_20260818_154538_21_003,S003,ㅑ,3,12
train,S003_20260818_154538_21_010,S003,ㅑ,10,12
train,S002_20260817_225500_21_004,S002,ㅑ,4,12
train,S004_20260820_190636_21_001,S004,ㅑ,1,12
train,S001_21_002,S001,ㅑ,2,12
train,S004_20260820_190636_21_003,S004,ㅑ,3,12
train,S003_20260818_154538_21_001,S003,ㅑ,1,12
train,S002_20260817_225500_21_007,S002,ㅑ,7,12
train,S002_20260817_225500_21_006,S002,ㅑ,6,12
train,S003_20260818_154538_21_008,S003,ㅑ,8,12
train,S003_20260818_154538_21_007,S003,ㅑ,7,12
train,S001_21_005,S001,ㅑ,5,12
train,S001_21_007,S001,ㅑ,7,12
train,S001_21_010,S001,ㅑ,10,12
train,S003_20260818_154538_21_011,S003,ㅑ,11,12
train,S004_20260820_190636_21_010,S004,ㅑ,10,12
train,S003_20260818_154538_21_004,S003,ㅑ,4,12
train,S004_20260820_190636_21_004,S004,ㅑ,4,12
train,S002_20260817_225500_21_010,S002,ㅑ,10,12
train,S004_20260820_190636_21_006,S004,ㅑ,6,12
train,S002_20260817_225500_21_002,S002,ㅑ,2,12
train,S004_20260820_190636_21_008,S004,ㅑ,8,12
train,S003_20260818_154538_21_009,S003,ㅑ,9,12
train,S004_20260820_190636_21_007,S004,ㅑ,7,12
train,S001_21_009,S001,ㅑ,9,12
train,S001_21_008,S001,ㅑ,8,12
train,S001_21_006,S001,ㅑ,6,12
train,S004_20260820_190636_21_009,S004,ㅑ,9,12
train,S002_20260817_225500_21_009,S002,ㅑ,9,12
train,S001_21_011,S001,ㅑ,11,12
train,S001_21_003,S001,ㅑ,3,12
train,S002_20260817_225500_21_008,S002,ㅑ,8,12
train,S004_20260820_190636_21_002,S004,ㅑ,2,12
train,S004_20260820_190636_22_005,S004,ㅓ,5,12
train,S002_20260817_225500_22_002,S002,ㅓ,2,11
train,S001_22_005,S001,ㅓ,5,12
train,S003_20260818_154538_22_001,S003,ㅓ,1,10
train,S003_20260818_154538_22_003,S003,ㅓ,3,10
train,S004_20260820_190636_22_002,S004,ㅓ,2,12
train,S004_20260820_190636_22_008,S004,ㅓ,8,12
train,S002_20260817_225500_22_005,S002,ㅓ,5,12
train,S003_20260818_154538_22_004,S003,ㅓ,4,10
train,S001_22_006,S001,ㅓ,6,12
train,S002_20260817_225500_22_009,S002,ㅓ,9,12
train,S001_22_003,S001,ㅓ,3,12
train,S001_22_008,S001,ㅓ,8,12
train,S004_20260820_190636_22_009,S004,ㅓ,9,12
train,S002_20260817_225500_22_003,S002,ㅓ,3,11
train,S004_20260820_190636_22_003,S004,ㅓ,3,12
train,S004_20260820_190636_22_006,S004,ㅓ,6,12
train,S004_20260820_190636_22_004,S004,ㅓ,4,12
train,S004_20260820_190636_22_007,S004,ㅓ,7,10
train,S002_20260817_225500_22_007,S002,ㅓ,7,11
train,S001_22_001,S001,ㅓ,1,12
train,S003_20260818_154538_22_006,S003,ㅓ,6,10
train,S003_20260818_154538_22_005,S003,ㅓ,5,11
train,S001_22_007,S001,ㅓ,7,12
train,S001_22_004,S001,ㅓ,4,12
train,S004_20260820_190636_22_010,S004,ㅓ,10,12
train,S001_22_009,S001,ㅓ,9,12
train,S003_20260818_154538_22_002,S003,ㅓ,2,10
train,S004_20260820_190636_22_001,S004,ㅓ,1,12
train,S001_22_010,S001,ㅓ,10,12
train,S002_20260817_225500_22_008,S002,ㅓ,8,12
train,S003_20260818_154538_22_009,S003,ㅓ,9,12
train,S002_20260817_225500_22_006,S002,ㅓ,6,11
train,S002_20260817_225500_22_010,S002,ㅓ,10,10
train,S003_20260818_154538_22_007,S003,ㅓ,7,8
train,S001_22_002,S001,ㅓ,2,12
train,S002_20260817_225500_22_004,S002,ㅓ,4,10
train,S003_20260818_154538_23_008,S003,ㅕ,8,11
train,S003_20260818_154538_23_006,S003,ㅕ,6,9
train,S002_20260817_225500_23_003,S002,ㅕ,3,12
train,S004_20260820_190636_23_005,S004,ㅕ,5,11
train,S004_20260820_190636_23_001,S004,ㅕ,1,12
train,S003_20260818_154538_23_010,S003,ㅕ,10,9
train,S004_20260820_190636_23_003,S004,ㅕ,3,12
train,S004_20260820_190636_23_004,S004,ㅕ,4,12
train,S001_23_001,S001,ㅕ,1,12
train,S004_20260820_190636_23_002,S004,ㅕ,2,12
train,S003_20260818_154538_23_007,S003,ㅕ,7,11
train,S001_23_005,S001,ㅕ,5,12
train,S002_20260817_225500_23_005,S002,ㅕ,5,11
train,S002_20260817_225500_23_004,S002,ㅕ,4,11
train,S001_23_010,S001,ㅕ,10,12
train,S001_23_007,S001,ㅕ,7,12
train,S001_23_006,S001,ㅕ,6,12
train,S004_20260820_190636_23_006,S004,ㅕ,6,12
train,S001_23_008,S001,ㅕ,8,12
train,S003_20260818_154538_23_002,S003,ㅕ,2,8
train,S004_20260820_190636_23_010,S004,ㅕ,10,12
train,S001_23_004,S001,ㅕ,4,12
train,S002_20260817_225500_23_010,S002,ㅕ,10,11
train,S002_20260817_225500_23_009,S002,ㅕ,9,10
train,S001_23_009,S001,ㅕ,9,12
train,S003_20260818_154538_23_004,S003,ㅕ,4,6
train,S004_20260820_190636_23_008,S004,ㅕ,8,12
train,S001_23_002,S001,ㅕ,2,12
train,S004_20260820_190636_23_007,S004,ㅕ,7,12
train,S002_20260817_225500_23_002,S002,ㅕ,2,12
train,S004_20260820_190636_23_009,S004,ㅕ,9,12
train,S001_23_011,S001,ㅕ,11,12
train,S002_20260817_225500_23_001,S002,ㅕ,1,12
train,S003_20260818_154538_23_009,S003,ㅕ,9,10
train,S001_23_003,S001,ㅕ,3,12
train,S002_20260817_225500_23_008,S002,ㅕ,8,12
train,S003_20260818_154538_23_003,S003,ㅕ,3,10
train,S002_20260817_225500_23_007,S002,ㅕ,7,12
train,S003_20260818_154538_24_010,S003,ㅗ,10,10
train,S001_24_003,S001,ㅗ,3,12
train,S002_20260817_225500_24_009,S002,ㅗ,9,11
train,S001_24_005,S001,ㅗ,5,12
train,S001_24_011,S001,ㅗ,11,12
train,S001_24_006,S001,ㅗ,6,12
train,S001_24_008,S001,ㅗ,8,12
train,S001_24_009,S001,ㅗ,9,12
train,S001_24_004,S001,ㅗ,4,12
train,S002_20260817_225500_24_006,S002,ㅗ,6,11
train,S002_20260817_225500_24_002,S002,ㅗ,2,12
train,S004_20260820_190636_24_008,S004,ㅗ,8,12
train,S002_20260817_225500_24_001,S002,ㅗ,1,12
train,S002_20260817_225500_24_007,S002,ㅗ,7,10
train,S004_20260820_190636_24_010,S004,ㅗ,10,11
train,S003_20260818_154538_24_008,S003,ㅗ,8,7
train,S003_20260818_154538_24_009,S003,ㅗ,9,7
train,S001_24_010,S001,ㅗ,10,12
train,S001_24_007,S001,ㅗ,7,12
train,S003_20260818_154538_24_002,S003,ㅗ,2,9
train,S002_20260817_225500_24_004,S002,ㅗ,4,12
train,S002_20260817_225500_24_010,S002,ㅗ,10,11
train,S004_20260820_190636_24_007,S004,ㅗ,7,12
train,S002_20260817_225500_24_005,S002,ㅗ,5,12
train,S004_20260820_190636_24_002,S004,ㅗ,2,12
train,S004_20260820_190636_24_006,S004,ㅗ,6,11
train,S001_24_002,S001,ㅗ,2,12
train,S003_20260818_154538_24_007,S003,ㅗ,7,8
train,S004_20260820_190636_24_009,S004,ㅗ,9,12
train,S002_20260817_225500_24_003,S002,ㅗ,3,12
train,S004_20260820_190636_24_005,S004,ㅗ,5,12
train,S004_20260820_190636_24_003,S004,ㅗ,3,12
train,S003_20260818_154538_24_001,S003,ㅗ,1,11
train,S002_20260817_225500_25_010,S002,ㅛ,10,9
train,S002_20260817_225500_25_009,S002,ㅛ,9,11
train,S002_20260817_225500_25_001,S002,ㅛ,1,12
train,S002_20260817_225500_25_006,S002,ㅛ,6,8
train,S002_20260817_225500_25_005,S002,ㅛ,5,10
train,S004_20260820_190636_25_005,S004,ㅛ,5,12
train,S003_20260818_154538_25_002,S003,ㅛ,2,12
train,S004_20260820_190636_25_009,S004,ㅛ,9,12
train,S004_20260820_190636_25_010,S004,ㅛ,10,12
train,S002_20260817_225500_25_007,S002,ㅛ,7,8
train,S001_25_004,S001,ㅛ,4,12
train,S002_20260817_225500_25_003,S002,ㅛ,3,9
train,S001_25_003,S001,ㅛ,3,12
train,S003_20260818_154538_25_008,S003,ㅛ,8,12
train,S002_20260817_225500_25_002,S002,ㅛ,2,12
train,S001_25_009,S001,ㅛ,9,12
train,S004_20260820_190636_25_008,S004,ㅛ,8,12
train,S003_20260818_154538_25_004,S003,ㅛ,4,11
train,S002_20260817_225500_25_008,S002,ㅛ,8,6
train,S004_20260820_190636_25_003,S004,ㅛ,3,12
train,S003_20260818_154538_25_007,S003,ㅛ,7,12
train,S004_20260820_190636_25_001,S004,ㅛ,1,12
train,S004_20260820_190636_25_004,S004,ㅛ,4,12
train,S002_20260817_225500_25_004,S002,ㅛ,4,12
train,S001_25_001,S001,ㅛ,1,12
train,S003_20260818_154538_25_003,S003,ㅛ,3,11
train,S001_25_006,S001,ㅛ,6,12
train,S001_25_005,S001,ㅛ,5,12
train,S001_25_002,S001,ㅛ,2,12
train,S004_20260820_190636_25_006,S004,ㅛ,6,12
train,S004_20260820_190636_25_007,S004,ㅛ,7,12
train,S003_20260818_154538_25_009,S003,ㅛ,9,12
train,S003_20260818_154538_25_006,S003,ㅛ,6,12
train,S003_20260818_154538_25_001,S003,ㅛ,1,11
train,S001_25_010,S001,ㅛ,10,12
train,S004_20260820_190636_25_002,S004,ㅛ,2,12
train,S003_20260818_154538_25_010,S003,ㅛ,10,8
train,S001_26_002,S001,ㅜ,2,12
train,S004_20260820_190636_26_003,S004,ㅜ,3,11
train,S003_20260818_154538_26_004,S003,ㅜ,4,6
train,S001_26_009,S001,ㅜ,9,10
train,S002_20260817_225500_26_010,S002,ㅜ,10,12
train,S004_20260820_190636_26_004,S004,ㅜ,4,11
train,S002_20260817_225500_26_006,S002,ㅜ,6,12
train,S001_26_003,S001,ㅜ,3,12
train,S004_20260820_190636_26_008,S004,ㅜ,8,12
train,S002_20260817_225500_26_008,S002,ㅜ,8,12
train,S004_20260820_190636_26_001,S004,ㅜ,1,8
train,S002_20260817_225500_26_001,S002,ㅜ,1,10
train,S004_20260820_190636_26_010,S004,ㅜ,10,12
train,S001_26_010,S001,ㅜ,10,12
train,S001_26_006,S001,ㅜ,6,12
train,S001_26_007,S001,ㅜ,7,12
train,S004_20260820_190636_26_006,S004,ㅜ,6,12
train,S004_20260820_190636_26_007,S004,ㅜ,7,12
train,S003_20260818_154538_26_009,S003,ㅜ,9,7
train,S002_20260817_225500_26_003,S002,ㅜ,3,7
train,S002_20260817_225500_26_004,S002,ㅜ,4,10
train,S004_20260820_190636_26_002,S004,ㅜ,2,12
train,S001_26_011,S001,ㅜ,11,11
train,S003_20260818_154538_26_002,S003,ㅜ,2,7
train,S001_26_004,S001,ㅜ,4,12
train,S002_20260817_225500_26_009,S002,ㅜ,9,11
train,S002_20260817_225500_26_005,S002,ㅜ,5,11
train,S001_26_001,S001,ㅜ,1,12
train,S002_20260817_225500_26_007,S002,ㅜ,7,10
train,S003_20260818_154538_26_008,S003,ㅜ,8,6
train,S004_20260820_190636_26_009,S004,ㅜ,9,12
train,S002_20260817_225500_27_010,S002,ㅠ,10,10
train,S003_20260818_154538_27_001,S003,ㅠ,1,10
train,S002_20260817_225500_27_001,S002,ㅠ,1,9
train,S001_27_001,S001,ㅠ,1,12
train,S001_27_008,S001,ㅠ,8,12
train,S002_20260817_225500_27_006,S002,ㅠ,6,9
train,S003_20260818_154538_27_010,S003,ㅠ,10,6
train,S001_27_002,S001,ㅠ,2,12
train,S001_27_006,S001,ㅠ,6,12
train,S003_20260818_154538_27_007,S003,ㅠ,7,7
train,S001_27_007,S001,ㅠ,7,12
train,S001_27_005,S001,ㅠ,5,12
train,S002_20260817_225500_27_002,S002,ㅠ,2,11
train,S001_27_010,S001,ㅠ,10,12
train,S004_20260820_190636_27_007,S004,ㅠ,7,11
train,S003_20260818_154538_27_002,S003,ㅠ,2,10
train,S004_20260820_190636_27_001,S004,ㅠ,1,11
train,S004_20260820_190636_27_002,S004,ㅠ,2,12
train,S002_20260817_225500_27_008,S002,ㅠ,8,9
train,S002_20260817_225500_27_003,S002,ㅠ,3,11
train,S001_27_003,S001,ㅠ,3,12
train,S004_20260820_190636_27_010,S004,ㅠ,10,12
train,S001_27_009,S001,ㅠ,9,12
train,S004_20260820_190636_27_003,S004,ㅠ,3,10
train,S003_20260818_154538_27_003,S003,ㅠ,3,10
train,S002_20260817_225500_27_005,S002,ㅠ,5,8
train,S004_20260820_190636_27_009,S004,ㅠ,9,12
train,S002_20260817_225500_27_004,S002,ㅠ,4,12
train,S003_20260818_154538_27_006,S003,ㅠ,6,9
train,S004_20260820_190636_27_008,S004,ㅠ,8,11
train,S004_20260820_190636_27_006,S004,ㅠ,6,10
train,S004_20260820_190636_27_005,S004,ㅠ,5,8
train,S004_20260820_190636_27_004,S004,ㅠ,4,10
train,S002_20260817_225500_27_007,S002,ㅠ,7,11
train,S003_20260818_154538_27_004,S003,ㅠ,4,9
train,S003_20260818_154538_27_005,S003,ㅠ,5,9
train,S001_28_005,S001,ㅡ,5,12
train,S004_20260820_190636_28_010,S004,ㅡ,10,12
train,S001_28_002,S001,ㅡ,2,12
train,S004_20260820_190636_28_006,S004,ㅡ,6,12
train,S002_20260817_225500_28_010,S002,ㅡ,10,12
train,S002_20260817_225500_28_007,S002,ㅡ,7,12
train,S001_28_004,S001,ㅡ,4,12
train,S004_20260820_190636_28_002,S004,ㅡ,2,12
train,S003_20260818_154538_28_002,S003,ㅡ,2,11
train,S003_20260818_154538_28_008,S003,ㅡ,8,11
train,S002_20260817_225500_28_004,S002,ㅡ,4,12
train,S004_20260820_190636_28_009,S004,ㅡ,9,12
train,S002_20260817_225500_28_006,S002,ㅡ,6,12
train,S004_20260820_190636_28_008,S004,ㅡ,8,12
train,S002_20260817_225500_28_001,S002,ㅡ,1,12
train,S002_20260817_225500_28_002,S002,ㅡ,2,12
train,S003_20260818_154538_28_003,S003,ㅡ,3,9
train,S003_20260818_154538_28_004,S003,ㅡ,4,11
train,S003_20260818_154538_28_006,S003,ㅡ,6,10
train,S002_20260817_225500_28_008,S002,ㅡ,8,12
train,S002_20260817_225500_28_003,S002,ㅡ,3,12
train,S001_28_009,S001,ㅡ,9,12
train,S003_20260818_154538_28_010,S003,ㅡ,10,9
train,S002_20260817_225500_28_009,S002,ㅡ,9,12
train,S004_20260820_190636_28_004,S004,ㅡ,4,12
train,S001_28_007,S001,ㅡ,7,12
train,S004_20260820_190636_28_007,S004,ㅡ,7,12
train,S001_28_006,S001,ㅡ,6,12
train,S001_28_010,S001,ㅡ,10,12
train,S003_20260818_154538_28_005,S003,ㅡ,5,10
train,S004_20260820_190636_28_001,S004,ㅡ,1,12
train,S003_20260818_154538_28_001,S003,ㅡ,1,11
train,S002_20260817_225500_28_005,S002,ㅡ,5,12
train,S001_28_003,S001,ㅡ,3,12
train,S003_20260818_154538_28_009,S003,ㅡ,9,10
train,S001_28_001,S001,ㅡ,1,12
train,S004_20260820_190636_28_005,S004,ㅡ,5,12
train,S004_20260820_190636_29_002,S004,ㅣ,2,12
train,S001_29_002,S001,ㅣ,2,12
train,S002_20260817_225500_29_002,S002,ㅣ,2,12
train,S004_20260820_190636_29_007,S004,ㅣ,7,12
train,S002_20260817_225500_29_005,S002,ㅣ,5,12
train,S001_29_001,S001,ㅣ,1,12
train,S001_29_004,S001,ㅣ,4,12
train,S002_20260817_225500_29_006,S002,ㅣ,6,12
train,S001_29_005,S001,ㅣ,5,12
train,S001_29_009,S001,ㅣ,9,12
train,S001_29_006,S001,ㅣ,6,12
train,S004_20260820_190636_29_004,S004,ㅣ,4,12
train,S003_20260818_154538_29_001,S003,ㅣ,1,9
train,S001_29_003,S001,ㅣ,3,12
train,S001_29_007,S001,ㅣ,7,12
train,S003_20260818_154538_29_002,S003,ㅣ,2,9
train,S004_20260820_190636_29_001,S004,ㅣ,1,12
train,S004_20260820_190636_29_006,S004,ㅣ,6,12
train,S002_20260817_225500_29_001,S002,ㅣ,1,12
train,S004_20260820_190636_29_005,S004,ㅣ,5,12
train,S001_29_011,S001,ㅣ,11,12
train,S002_20260817_225500_29_009,S002,ㅣ,9,12
train,S002_20260817_225500_29_004,S002,ㅣ,4,12
train,S003_20260818_154538_29_005,S003,ㅣ,5,10
train,S002_20260817_225500_29_008,S002,ㅣ,8,12
train,S002_20260817_225500_29_003,S002,ㅣ,3,12
train,S002_20260817_225500_29_010,S002,ㅣ,10,12
train,S004_20260820_190636_29_008,S004,ㅣ,8,12
train,S003_20260818_154538_29_008,S003,ㅣ,8,8
train,S002_20260817_225500_29_007,S002,ㅣ,7,12
train,S001_29_010,S001,ㅣ,10,12
train,S003_20260818_154538_29_004,S003,ㅣ,4,11
train,S001_29_008,S001,ㅣ,8,12
train,S004_20260820_190636_29_010,S004,ㅣ,10,12
train,S004_20260820_190636_30_007,S004,ㅐ,7,12
train,S004_20260820_190636_30_009,S004,ㅐ,9,12
train,S002_20260817_225500_30_002,S002,ㅐ,2,12
train,S002_20260817_225500_30_007,S002,ㅐ,7,12
train,S001_30_005,S001,ㅐ,5,12
train,S004_20260820_190636_30_008,S004,ㅐ,8,12
train,S003_20260818_154538_30_007,S003,ㅐ,7,8
train,S004_20260820_190636_30_003,S004,ㅐ,3,12
train,S002_20260817_225500_30_003,S002,ㅐ,3,12
train,S002_20260817_225500_30_008,S002,ㅐ,8,12
train,S001_30_004,S001,ㅐ,4,12
train,S003_20260818_154538_30_009,S003,ㅐ,9,6
train,S002_20260817_225500_30_001,S002,ㅐ,1,12
train,S003_20260818_154538_30_001,S003,ㅐ,1,9
train,S002_20260817_225500_30_006,S002,ㅐ,6,12
train,S001_30_003,S001,ㅐ,3,12
train,S001_30_010,S001,ㅐ,10,12
train,S004_20260820_190636_30_002,S004,ㅐ,2,12
train,S004_20260820_190636_30_005,S004,ㅐ,5,12
train,S004_20260820_190636_30_001,S004,ㅐ,1,12
train,S002_20260817_225500_30_004,S002,ㅐ,4,12
train,S003_20260818_154538_30_002,S003,ㅐ,2,8
train,S002_20260817_225500_30_010,S002,ㅐ,10,12
train,S001_30_007,S001,ㅐ,7,12
train,S003_20260818_154538_30_010,S003,ㅐ,10,6
train,S004_20260820_190636_30_006,S004,ㅐ,6,12
train,S002_20260817_225500_30_009,S002,ㅐ,9,12
train,S001_30_008,S001,ㅐ,8,12
train,S002_20260817_225500_30_005,S002,ㅐ,5,12
train,S001_30_011,S001,ㅐ,11,12
train,S001_30_002,S001,ㅐ,2,12
train,S001_30_009,S001,ㅐ,9,12
train,S004_20260820_190636_30_010,S004,ㅐ,10,12
train,S001_30_006,S001,ㅐ,6,12
train,S004_20260820_190636_30_004,S004,ㅐ,4,12
train,S002_20260817_225500_31_007,S002,ㅒ,7,12
train,S001_31_007,S001,ㅒ,7,12
train,S003_20260818_154538_31_005,S003,ㅒ,5,9
train,S004_20260820_190636_31_001,S004,ㅒ,1,12
train,S001_31_006,S001,ㅒ,6,12
train,S004_20260820_190636_31_003,S004,ㅒ,3,12
train,S001_31_010,S001,ㅒ,10,12
train,S001_31_009,S001,ㅒ,9,12
train,S003_20260818_154538_31_003,S003,ㅒ,3,8
train,S003_20260818_154538_31_002,S003,ㅒ,2,6
train,S002_20260817_225500_31_003,S002,ㅒ,3,12
train,S002_20260817_225500_31_009,S002,ㅒ,9,12
train,S004_20260820_190636_31_006,S004,ㅒ,6,12
train,S004_20260820_190636_31_004,S004,ㅒ,4,12
train,S004_20260820_190636_31_009,S004,ㅒ,9,12
train,S001_31_005,S001,ㅒ,5,12
train,S001_31_011,S001,ㅒ,11,12
train,S003_20260818_154538_31_009,S003,ㅒ,9,6
train,S004_20260820_190636_31_007,S004,ㅒ,7,12
train,S001_31_003,S001,ㅒ,3,12
train,S001_31_012,S001,ㅒ,12,12
train,S001_31_001,S001,ㅒ,1,12
train,S002_20260817_225500_31_010,S002,ㅒ,10,12
train,S004_20260820_190636_31_005,S004,ㅒ,5,12
train,S001_31_008,S001,ㅒ,8,12
train,S003_20260818_154538_31_006,S003,ㅒ,6,9
train,S004_20260820_190636_31_002,S004,ㅒ,2,12
train,S004_20260820_190636_31_010,S004,ㅒ,10,12
train,S002_20260817_225500_31_001,S002,ㅒ,1,12
train,S002_20260817_225500_31_005,S002,ㅒ,5,12
train,S002_20260817_225500_31_006,S002,ㅒ,6,12
train,S002_20260817_225500_31_008,S002,ㅒ,8,12
train,S003_20260818_154538_31_001,S003,ㅒ,1,6
train,S002_20260817_225500_31_002,S002,ㅒ,2,12
train,S004_20260820_190636_31_008,S004,ㅒ,8,12
train,S004_20260820_190636_32_010,S004,ㅔ,10,12
train,S004_20260820_190636_32_004,S004,ㅔ,4,12
train,S002_20260817_225500_32_009,S002,ㅔ,9,12
train,S002_20260817_225500_32_002,S002,ㅔ,2,12
train,S004_20260820_190636_32_002,S004,ㅔ,2,12
train,S001_32_007,S001,ㅔ,7,12
train,S001_32_006,S001,ㅔ,6,12
train,S001_32_003,S001,ㅔ,3,12
train,S002_20260817_225500_32_003,S002,ㅔ,3,12
train,S004_20260820_190636_32_007,S004,ㅔ,7,12
train,S002_20260817_225500_32_005,S002,ㅔ,5,12
train,S002_20260817_225500_32_007,S002,ㅔ,7,12
train,S001_32_001,S001,ㅔ,1,12
train,S002_20260817_225500_32_006,S002,ㅔ,6,12
train,S001_32_010,S001,ㅔ,10,12
train,S001_32_002,S001,ㅔ,2,12
train,S002_20260817_225500_32_010,S002,ㅔ,10,12
train,S004_20260820_190636_32_003,S004,ㅔ,3,12
train,S002_20260817_225500_32_004,S002,ㅔ,4,12
train,S004_20260820_190636_32_001,S004,ㅔ,1,10
train,S004_20260820_190636_32_005,S004,ㅔ,5,12
train,S002_20260817_225500_32_001,S002,ㅔ,1,12
train,S004_20260820_190636_32_006,S004,ㅔ,6,12
train,S001_32_009,S001,ㅔ,9,12
train,S001_32_012,S001,ㅔ,12,12
train,S001_32_005,S001,ㅔ,5,12
train,S001_32_008,S001,ㅔ,8,12
train,S001_32_004,S001,ㅔ,4,12
train,S001_32_011,S001,ㅔ,11,12
train,S003_20260818_154538_32_009,S003,ㅔ,9,6
train,S003_20260818_154538_33_005,S003,ㅖ,5,6
train,S002_20260817_225500_33_008,S002,ㅖ,8,12
train,S004_20260820_190636_33_005,S004,ㅖ,5,12
train,S002_20260817_225500_33_004,S002,ㅖ,4,11
train,S004_20260820_190636_33_002,S004,ㅖ,2,12
train,S001_33_011,S001,ㅖ,11,12
train,S001_33_013,S001,ㅖ,13,12
train,S002_20260817_225500_33_002,S002,ㅖ,2,10
train,S001_33_010,S001,ㅖ,10,12
train,S002_20260817_225500_33_011,S002,ㅖ,11,12
train,S001_33_004,S001,ㅖ,4,12
train,S002_20260817_225500_33_001,S002,ㅖ,1,10
train,S002_20260817_225500_33_005,S002,ㅖ,5,12
train,S001_33_002,S001,ㅖ,2,12
train,S001_33_009,S001,ㅖ,9,12
train,S004_20260820_190636_33_001,S004,ㅖ,1,12
train,S001_33_005,S001,ㅖ,5,12
train,S002_20260817_225500_33_009,S002,ㅖ,9,11
train,S002_20260817_225500_33_010,S002,ㅖ,10,11
train,S001_33_006,S001,ㅖ,6,12
train,S004_20260820_190636_33_003,S004,ㅖ,3,12
train,S003_20260818_154538_33_002,S003,ㅖ,2,9
train,S004_20260820_190636_33_007,S004,ㅖ,7,12
train,S004_20260820_190636_33_010,S004,ㅖ,10,12
train,S004_20260820_190636_33_008,S004,ㅖ,8,12
train,S004_20260820_190636_33_006,S004,ㅖ,6,12
train,S001_33_007,S001,ㅖ,7,12
train,S001_33_001,S001,ㅖ,1,12
train,S001_33_003,S001,ㅖ,3,12
train,S003_20260818_154538_33_010,S003,ㅖ,10,7
train,S004_20260820_190636_33_009,S004,ㅖ,9,12
train,S002_20260817_225500_33_006,S002,ㅖ,6,12
train,S002_20260817_225500_33_003,S002,ㅖ,3,11
train,S001_33_012,S001,ㅖ,12,12
train,S004_20260820_190636_34_001,S004,ㅢ,1,12
train,S003_20260818_154538_34_008,S003,ㅢ,8,7
train,S002_20260817_225500_34_006,S002,ㅢ,6,12
train,S002_20260817_225500_34_010,S002,ㅢ,10,12
train,S002_20260817_225500_34_005,S002,ㅢ,5,12
train,S004_20260820_190636_34_002,S004,ㅢ,2,12
train,S004_20260820_190636_34_008,S004,ㅢ,8,12
train,S001_34_012,S001,ㅢ,12,12
train,S001_34_006,S001,ㅢ,6,12
train,S001_34_002,S001,ㅢ,2,12
train,S003_20260818_154538_34_002,S003,ㅢ,2,11
train,S001_34_003,S001,ㅢ,3,12
train,S001_34_011,S001,ㅢ,11,12
train,S004_20260820_190636_34_003,S004,ㅢ,3,12
train,S001_34_004,S001,ㅢ,4,12
train,S004_20260820_190636_34_006,S004,ㅢ,6,12
train,S001_34_009,S001,ㅢ,9,12
train,S004_20260820_190636_34_004,S004,ㅢ,4,12
train,S001_34_010,S001,ㅢ,10,12
train,S001_34_005,S001,ㅢ,5,12
train,S003_20260818_154538_34_010,S003,ㅢ,10,7
train,S003_20260818_154538_34_007,S003,ㅢ,7,7
train,S004_20260820_190636_34_005,S004,ㅢ,5,12
train,S002_20260817_225500_34_008,S002,ㅢ,8,12
train,S001_34_007,S001,ㅢ,7,12
train,S003_20260818_154538_34_003,S003,ㅢ,3,9
train,S002_20260817_225500_34_001,S002,ㅢ,1,12
train,S003_20260818_154538_34_009,S003,ㅢ,9,6
train,S004_20260820_190636_34_009,S004,ㅢ,9,12
train,S003_20260818_154538_34_006,S003,ㅢ,6,7
train,S004_20260820_190636_34_007,S004,ㅢ,7,12
train,S003_20260818_154538_34_005,S003,ㅢ,5,6
train,S002_20260817_225500_34_002,S002,ㅢ,2,12
train,S002_20260817_225500_34_003,S002,ㅢ,3,12
train,S002_20260817_225500_34_009,S002,ㅢ,9,12
train,S004_20260820_190636_34_010,S004,ㅢ,10,12
train,S002_20260817_225500_34_004,S002,ㅢ,4,12
train,S002_20260817_225500_34_007,S002,ㅢ,7,12
train,S001_35_007,S001,ㅚ,7,12
train,S004_20260820_190636_35_007,S004,ㅚ,7,12
train,S002_20260817_225500_35_007,S002,ㅚ,7,12
train,S001_35_006,S001,ㅚ,6,12
train,S001_35_004,S001,ㅚ,4,12
train,S001_35_011,S001,ㅚ,11,12
train,S002_20260817_225500_35_002,S002,ㅚ,2,10
train,S002_20260817_225500_35_001,S002,ㅚ,1,12
train,S004_20260820_190636_35_005,S004,ㅚ,5,12
train,S003_20260818_154538_35_002,S003,ㅚ,2,10
train,S004_20260820_190636_35_003,S004,ㅚ,3,12
train,S004_20260820_190636_35_010,S004,ㅚ,10,12
train,S003_20260818_154538_35_003,S003,ㅚ,3,7
train,S004_20260820_190636_35_009,S004,ㅚ,9,12
train,S001_35_005,S001,ㅚ,5,12
train,S001_35_010,S001,ㅚ,10,12
train,S002_20260817_225500_35_010,S002,ㅚ,10,12
train,S002_20260817_225500_35_004,S002,ㅚ,4,12
train,S001_35_002,S001,ㅚ,2,12
train,S001_35_001,S001,ㅚ,1,12
train,S001_35_008,S001,ㅚ,8,12
train,S002_20260817_225500_35_005,S002,ㅚ,5,12
train,S004_20260820_190636_35_008,S004,ㅚ,8,12
train,S004_20260820_190636_35_004,S004,ㅚ,4,12
train,S003_20260818_154538_35_008,S003,ㅚ,8,8
train,S001_35_009,S001,ㅚ,9,12
train,S004_20260820_190636_35_001,S004,ㅚ,1,12
train,S002_20260817_225500_35_008,S002,ㅚ,8,12
train,S004_20260820_190636_35_006,S004,ㅚ,6,12
train,S003_20260818_154538_35_009,S003,ㅚ,9,7
train,S001_35_003,S001,ㅚ,3,12
train,S003_20260818_154538_35_001,S003,ㅚ,1,7
train,S002_20260817_225500_35_009,S002,ㅚ,9,12
train,S002_20260817_225500_35_003,S002,ㅚ,3,11
train,S001_35_012,S001,ㅚ,12,12
train,S003_20260818_154538_35_007,S003,ㅚ,7,9
train,S002_20260817_225500_36_003,S002,ㅟ,3,12
train,S001_36_011,S001,ㅟ,11,12
train,S002_20260817_225500_36_004,S002,ㅟ,4,12
train,S001_36_006,S001,ㅟ,6,12
train,S004_20260820_190636_36_010,S004,ㅟ,10,11
train,S001_36_002,S001,ㅟ,2,10
train,S003_20260818_154538_36_006,S003,ㅟ,6,8
train,S003_20260818_154538_36_009,S003,ㅟ,9,9
train,S001_36_007,S001,ㅟ,7,12
train,S002_20260817_225500_36_007,S002,ㅟ,7,10
train,S003_20260818_154538_36_010,S003,ㅟ,10,8
train,S004_20260820_190636_36_001,S004,ㅟ,1,9
train,S002_20260817_225500_36_010,S002,ㅟ,10,12
train,S002_20260817_225500_36_006,S002,ㅟ,6,12
train,S002_20260817_225500_36_005,S002,ㅟ,5,12
train,S001_36_003,S001,ㅟ,3,8
train,S002_20260817_225500_36_002,S002,ㅟ,2,11
train,S003_20260818_154538_36_004,S003,ㅟ,4,11
train,S004_20260820_190636_36_008,S004,ㅟ,8,10
train,S001_36_004,S001,ㅟ,4,12
train,S003_20260818_154538_36_008,S003,ㅟ,8,8
train,S004_20260820_190636_36_007,S004,ㅟ,7,12
train,S001_36_009,S001,ㅟ,9,12
train,S003_20260818_154538_36_001,S003,ㅟ,1,7
train,S002_20260817_225500_36_001,S002,ㅟ,1,12
train,S002_20260817_225500_36_009,S002,ㅟ,9,12
train,S003_20260818_154538_36_003,S003,ㅟ,3,8
train,S004_20260820_190636_36_006,S004,ㅟ,6,11
train,S004_20260820_190636_36_003,S004,ㅟ,3,12
train,S002_20260817_225500_36_008,S002,ㅟ,8,12
train,S004_20260820_190636_36_009,S004,ㅟ,9,10
train,S004_20260820_190636_36_002,S004,ㅟ,2,11
train,S001_36_008,S001,ㅟ,8,12
train,S003_20260818_154538_36_002,S003,ㅟ,2,8
train,S004_20260820_190636_36_004,S004,ㅟ,4,10
train,S004_20260820_190636_36_005,S004,ㅟ,5,9
train,S001_36_005,S001,ㅟ,5,12
val,S002_20260817_225500_01_004,S002,ㄱ,4,12
val,S002_20260817_225500_02_009,S002,ㄴ,9,12
val,S001_03_001,S001,ㄷ,1,12
val,S004_20260820_184432_04_004,S004,ㄹ,4,12
val,S004_20260820_184432_05_008,S004,ㅁ,8,12
val,S002_20260817_225500_06_004,S002,ㅂ,4,12
val,S004_20260820_184432_07_008,S004,ㅅ,8,12
val,S003_20260818_154538_08_001,S003,ㅇ,1,9
val,S004_20260820_190636_09_007,S004,ㅈ,7,12
val,S002_20260817_225500_10_006,S002,ㅊ,6,12
val,S002_20260817_225500_11_001,S002,ㅋ,1,12
val,S004_20260820_190636_12_010,S004,ㅌ,10,12
val,S001_13_009,S001,ㅍ,9,12
val,S003_20260818_154538_14_001,S003,ㅎ,1,8
val,S002_20260817_225500_20_006,S002,ㅏ,6,12
val,S004_20260820_190636_21_005,S004,ㅑ,5,12
val,S002_20260817_225500_22_001,S002,ㅓ,1,12
val,S003_20260818_154538_23_005,S003,ㅕ,5,12
val,S004_20260820_190636_24_001,S004,ㅗ,1,12
val,S001_25_008,S001,ㅛ,8,12
val,S004_20260820_190636_26_005,S004,ㅜ,5,11
val,S002_20260817_225500_27_009,S002,ㅠ,9,9
val,S003_20260818_154538_28_007,S003,ㅡ,7,11
val,S003_20260818_154538_29_003,S003,ㅣ,3,6
val,S003_20260818_154538_30_008,S003,ㅐ,8,7
val,S001_31_004,S001,ㅒ,4,12
val,S004_20260820_190636_32_008,S004,ㅔ,8,12
val,S001_33_008,S001,ㅖ,8,12
val,S003_20260818_154538_34_004,S003,ㅢ,4,7
val,S004_20260820_190636_35_002,S004,ㅚ,2,12
val,S003_20260818_154538_36_005,S003,ㅟ,5,9
test,S003_20260818_154538_01_002,S003,ㄱ,2,11
test,S002_20260817_225500_01_006,S002,ㄱ,6,10
test,S001_02_018,S001,ㄴ,18,12
test,S003_20260818_154538_02_004,S003,ㄴ,4,12
test,S002_20260817_225500_03_003,S002,ㄷ,3,12
test,S004_20260820_184432_03_002,S004,ㄷ,2,12
test,S001_04_004,S001,ㄹ,4,12
test,S004_20260820_184432_04_005,S004,ㄹ,5,12
test,S002_20260817_225500_05_010,S002,ㅁ,10,12
test,S002_20260817_225500_05_004,S002,ㅁ,4,12
test,S004_20260820_184432_06_005,S004,ㅂ,5,12
test,S004_20260820_184432_06_008,S004,ㅂ,8,12
test,S004_20260820_184432_07_003,S004,ㅅ,3,12
test,S002_20260817_225500_07_005,S002,ㅅ,5,11
test,S001_08_009,S001,ㅇ,9,12
test,S002_20260817_225500_08_009,S002,ㅇ,9,12
test,S002_20260817_225500_09_004,S002,ㅈ,4,12
test,S002_20260817_225500_09_003,S002,ㅈ,3,12
test,S004_20260820_190636_10_004,S004,ㅊ,4,12
test,S004_20260820_190636_10_006,S004,ㅊ,6,12
test,S004_20260820_190636_11_004,S004,ㅋ,4,12
test,S004_20260820_190636_11_005,S004,ㅋ,5,12
test,S004_20260820_190636_12_007,S004,ㅌ,7,12
test,S003_20260818_154538_12_005,S003,ㅌ,5,11
test,S004_20260820_190636_13_004,S004,ㅍ,4,12
test,S001_13_010,S001,ㅍ,10,12
test,S001_14_002,S001,ㅎ,2,11
test,S003_20260818_154538_14_006,S003,ㅎ,6,8
test,S001_20_008,S001,ㅏ,8,12
test,S003_20260818_154538_20_006,S003,ㅏ,6,10
test,S003_20260818_154538_21_006,S003,ㅑ,6,12
test,S001_21_001,S001,ㅑ,1,12
test,S003_20260818_154538_22_010,S003,ㅓ,10,7
test,S003_20260818_154538_22_008,S003,ㅓ,8,10
test,S002_20260817_225500_23_006,S002,ㅕ,6,10
test,S003_20260818_154538_23_001,S003,ㅕ,1,8
test,S002_20260817_225500_24_008,S002,ㅗ,8,11
test,S004_20260820_190636_24_004,S004,ㅗ,4,12
test,S001_25_007,S001,ㅛ,7,12
test,S003_20260818_154538_25_005,S003,ㅛ,5,12
test,S001_26_005,S001,ㅜ,5,12
test,S003_20260818_154538_26_001,S003,ㅜ,1,6
test,S001_27_004,S001,ㅠ,4,12
test,S001_27_011,S001,ㅠ,11,12
test,S004_20260820_190636_28_003,S004,ㅡ,3,12
test,S001_28_008,S001,ㅡ,8,12
test,S004_20260820_190636_29_009,S004,ㅣ,9,12
test,S004_20260820_190636_29_003,S004,ㅣ,3,12
test,S001_30_001,S001,ㅐ,1,12
test,S003_20260818_154538_30_003,S003,ㅐ,3,7
test,S001_31_002,S001,ㅒ,2,12
test,S002_20260817_225500_31_004,S002,ㅒ,4,11
test,S002_20260817_225500_32_008,S002,ㅔ,8,12
test,S004_20260820_190636_32_009,S004,ㅔ,9,12
test,S004_20260820_190636_33_004,S004,ㅖ,4,12
test,S002_20260817_225500_33_007,S002,ㅖ,7,12
test,S001_34_008,S001,ㅢ,8,12
test,S003_20260818_154538_34_001,S003,ㅢ,1,6
test,S003_20260818_154538_35_006,S003,ㅚ,6,7
test,S002_20260817_225500_35_006,S002,ㅚ,6,12
test,S001_36_010,S001,ㅟ,10,10
test,S003_20260818_154538_36_007,S003,ㅟ,7,9
