sample_id,signer_id,session_id,label_index,label,take,file_path,recorded_at,duration_sec,fps,width,height,camera_index,saved_mirrored,status
S001_20260907_144757_02_001,S001,20260907_144757,2,나,1,S001/02_나/S001_20260907_144757_02_001.mp4,2026-09-07T14:48:45+09:00,4.033,30.0,1280,720,0,False,accepted
S001_20260907_144757_02_002,S001,20260907_144757,2,나,2,S001/02_나/S001_20260907_144757_02_002.mp4,2026-09-07T14:49:26+09:00,4.033,30.0,1280,720,0,False,accepted
S001_20260907_144757_02_003,S001,20260907_144757,2,나,3,S001/02_나/S001_20260907_144757_02_003.mp4,2026-09-07T14:49:34+09:00,4.067,30.0,1280,720,0,False,accepted
S001_20260907_144757_02_004,S001,20260907_144757,2,나,4,S001/02_나/S001_20260907_144757_02_004.mp4,2026-09-07T14:49:42+09:00,4.067,30.0,1280,720,0,False,accepted
S001_20260907_144757_02_005,S001,20260907_144757,2,나,5,S001/02_나/S001_20260907_144757_02_005.mp4,2026-09-07T14:49:50+09:00,4.067,30.0,1280,720,0,False,accepted
S001_20260907_144757_02_006,S001,20260907_144757,2,나,6,S001/02_나/S001_20260907_144757_02_006.mp4,2026-09-07T14:49:58+09:00,4.067,30.0,1280,720,0,False,accepted
S001_20260907_144757_02_007,S001,20260907_144757,2,나,7,S001/02_나/S001_20260907_144757_02_007.mp4,2026-09-07T14:50:06+09:00,4.067,30.0,1280,720,0,False,accepted
S001_20260907_144757_02_008,S001,20260907_144757,2,나,8,S001/02_나/S001_20260907_144757_02_008.mp4,2026-09-07T14:50:14+09:00,4.067,30.0,1280,720,0,False,accepted
S001_20260907_144757_02_009,S001,20260907_144757,2,나,9,S001/02_나/S001_20260907_144757_02_009.mp4,2026-09-07T14:50:22+09:00,4.067,30.0,1280,720,0,False,accepted
S001_20260907_144757_02_010,S001,20260907_144757,2,나,10,S001/02_나/S001_20260907_144757_02_010.mp4,2026-09-07T14:50:30+09:00,4.067,30.0,1280,720,0,False,accepted
S001_20260907_144757_02_011,S001,20260907_144757,2,나,11,S001/02_나/S001_20260907_144757_02_011.mp4,2026-09-07T14:50:37+09:00,4.067,30.0,1280,720,0,False,accepted
S001_20260907_144757_02_012,S001,20260907_144757,2,나,12,S001/02_나/S001_20260907_144757_02_012.mp4,2026-09-07T14:50:45+09:00,4.067,30.0,1280,720,0,False,accepted
S001_20260909_031603_03_001,S001,20260909_031603,3,가다,1,S001/03_가다/S001_20260909_031603_03_001.mp4,2026-09-09T03:16:55+09:00,4.033,30.0,1280,720,0,False,accepted
S001_20260909_031603_03_002,S001,20260909_031603,3,가다,2,S001/03_가다/S001_20260909_031603_03_002.mp4,2026-09-09T03:17:03+09:00,4.067,30.0,1280,720,0,False,accepted
S001_20260909_031603_03_003,S001,20260909_031603,3,가다,3,S001/03_가다/S001_20260909_031603_03_003.mp4,2026-09-09T03:17:11+09:00,4.067,30.0,1280,720,0,False,accepted
S001_20260909_031603_03_004,S001,20260909_031603,3,가다,4,S001/03_가다/S001_20260909_031603_03_004.mp4,2026-09-09T03:17:19+09:00,4.067,30.0,1280,720,0,False,accepted
S001_20260909_031603_03_005,S001,20260909_031603,3,가다,5,S001/03_가다/S001_20260909_031603_03_005.mp4,2026-09-09T03:17:34+09:00,4.067,30.0,1280,720,0,False,accepted
S001_20260909_031603_03_006,S001,20260909_031603,3,가다,6,S001/03_가다/S001_20260909_031603_03_006.mp4,2026-09-09T03:17:42+09:00,4.067,30.0,1280,720,0,False,accepted
S001_20260909_031603_03_007,S001,20260909_031603,3,가다,7,S001/03_가다/S001_20260909_031603_03_007.mp4,2026-09-09T03:17:50+09:00,4.067,30.0,1280,720,0,False,accepted
S001_20260909_031603_03_008,S001,20260909_031603,3,가다,8,S001/03_가다/S001_20260909_031603_03_008.mp4,2026-09-09T03:17:58+09:00,4.067,30.0,1280,720,0,False,accepted
S001_20260909_031603_03_009,S001,20260909_031603,3,가다,9,S001/03_가다/S001_20260909_031603_03_009.mp4,2026-09-09T03:18:06+09:00,4.067,30.0,1280,720,0,False,accepted
S001_20260909_031603_03_010,S001,20260909_031603,3,가다,10,S001/03_가다/S001_20260909_031603_03_010.mp4,2026-09-09T03:18:14+09:00,4.067,30.0,1280,720,0,False,accepted
S001_20260909_031603_03_011,S001,20260909_031603,3,가다,11,S001/03_가다/S001_20260909_031603_03_011.mp4,2026-09-09T03:18:22+09:00,4.067,30.0,1280,720,0,False,accepted
S001_20260909_031603_03_012,S001,20260909_031603,3,가다,12,S001/03_가다/S001_20260909_031603_03_012.mp4,2026-09-09T03:18:30+09:00,4.067,30.0,1280,720,0,False,accepted
S001_20260909_031603_04_001,S001,20260909_031603,4,학교,1,S001/04_학교/S001_20260909_031603_04_001.mp4,2026-09-09T03:19:02+09:00,4.067,30.0,1280,720,0,False,accepted
S001_20260909_031603_04_002,S001,20260909_031603,4,학교,2,S001/04_학교/S001_20260909_031603_04_002.mp4,2026-09-09T03:19:23+09:00,4.067,30.0,1280,720,0,False,accepted
S001_20260909_031603_04_003,S001,20260909_031603,4,학교,3,S001/04_학교/S001_20260909_031603_04_003.mp4,2026-09-09T03:19:31+09:00,4.067,30.0,1280,720,0,False,accepted
S001_20260909_031603_04_004,S001,20260909_031603,4,학교,4,S001/04_학교/S001_20260909_031603_04_004.mp4,2026-09-09T03:19:39+09:00,4.067,30.0,1280,720,0,False,accepted
S001_20260909_031603_04_005,S001,20260909_031603,4,학교,5,S001/04_학교/S001_20260909_031603_04_005.mp4,2026-09-09T03:19:46+09:00,4.067,30.0,1280,720,0,False,accepted
S001_20260909_031603_04_006,S001,20260909_031603,4,학교,6,S001/04_학교/S001_20260909_031603_04_006.mp4,2026-09-09T03:19:54+09:00,4.067,30.0,1280,720,0,False,accepted
S001_20260909_031603_04_007,S001,20260909_031603,4,학교,7,S001/04_학교/S001_20260909_031603_04_007.mp4,2026-09-09T03:20:02+09:00,4.067,30.0,1280,720,0,False,accepted
S001_20260909_031603_04_008,S001,20260909_031603,4,학교,8,S001/04_학교/S001_20260909_031603_04_008.mp4,2026-09-09T03:20:10+09:00,4.067,30.0,1280,720,0,False,accepted
S001_20260909_031603_04_009,S001,20260909_031603,4,학교,9,S001/04_학교/S001_20260909_031603_04_009.mp4,2026-09-09T03:20:18+09:00,4.067,30.0,1280,720,0,False,accepted
S001_20260909_031603_04_010,S001,20260909_031603,4,학교,10,S001/04_학교/S001_20260909_031603_04_010.mp4,2026-09-09T03:20:26+09:00,4.067,30.0,1280,720,0,False,accepted
S001_20260909_031603_04_011,S001,20260909_031603,4,학교,11,S001/04_학교/S001_20260909_031603_04_011.mp4,2026-09-09T03:20:33+09:00,4.067,30.0,1280,720,0,False,accepted
S001_20260909_031603_04_012,S001,20260909_031603,4,학교,12,S001/04_학교/S001_20260909_031603_04_012.mp4,2026-09-09T03:20:41+09:00,4.067,30.0,1280,720,0,False,accepted
S001_20260909_033028_00_001,S001,20260909_033028,0,IDLE,1,S001/00_IDLE/S001_20260909_033028_00_001.mp4,2026-09-09T03:30:54+09:00,4.033,30.0,1280,720,0,False,accepted
S001_20260909_033028_00_002,S001,20260909_033028,0,IDLE,2,S001/00_IDLE/S001_20260909_033028_00_002.mp4,2026-09-09T03:31:02+09:00,4.067,30.0,1280,720,0,False,accepted
S001_20260909_033028_00_003,S001,20260909_033028,0,IDLE,3,S001/00_IDLE/S001_20260909_033028_00_003.mp4,2026-09-09T03:31:11+09:00,4.067,30.0,1280,720,0,False,accepted
S001_20260909_033028_00_004,S001,20260909_033028,0,IDLE,4,S001/00_IDLE/S001_20260909_033028_00_004.mp4,2026-09-09T03:31:19+09:00,4.067,30.0,1280,720,0,False,accepted
S001_20260909_033028_00_005,S001,20260909_033028,0,IDLE,5,S001/00_IDLE/S001_20260909_033028_00_005.mp4,2026-09-09T03:31:28+09:00,4.067,30.0,1280,720,0,False,accepted
S001_20260909_033028_00_006,S001,20260909_033028,0,IDLE,6,S001/00_IDLE/S001_20260909_033028_00_006.mp4,2026-09-09T03:31:36+09:00,4.067,30.0,1280,720,0,False,accepted
S001_20260909_033028_00_007,S001,20260909_033028,0,IDLE,7,S001/00_IDLE/S001_20260909_033028_00_007.mp4,2026-09-09T03:31:44+09:00,4.067,30.0,1280,720,0,False,accepted
S001_20260909_033028_00_008,S001,20260909_033028,0,IDLE,8,S001/00_IDLE/S001_20260909_033028_00_008.mp4,2026-09-09T03:31:52+09:00,4.0,30.0,1280,720,0,False,accepted
S001_20260909_033028_00_009,S001,20260909_033028,0,IDLE,9,S001/00_IDLE/S001_20260909_033028_00_009.mp4,2026-09-09T03:32:00+09:00,4.067,30.0,1280,720,0,False,accepted
S001_20260909_033028_00_010,S001,20260909_033028,0,IDLE,10,S001/00_IDLE/S001_20260909_033028_00_010.mp4,2026-09-09T03:32:08+09:00,4.067,30.0,1280,720,0,False,accepted
S001_20260909_033028_00_011,S001,20260909_033028,0,IDLE,11,S001/00_IDLE/S001_20260909_033028_00_011.mp4,2026-09-09T03:32:16+09:00,4.067,30.0,1280,720,0,False,accepted
S001_20260909_033028_00_012,S001,20260909_033028,0,IDLE,12,S001/00_IDLE/S001_20260909_033028_00_012.mp4,2026-09-09T03:32:25+09:00,4.067,30.0,1280,720,0,False,accepted
S001_20260909_033028_01_001,S001,20260909_033028,1,OTHER,1,S001/01_OTHER/S001_20260909_033028_01_001.mp4,2026-09-09T03:32:35+09:00,4.067,30.0,1280,720,0,False,accepted
S001_20260909_033028_01_002,S001,20260909_033028,1,OTHER,2,S001/01_OTHER/S001_20260909_033028_01_002.mp4,2026-09-09T03:32:44+09:00,4.067,30.0,1280,720,0,False,accepted
S001_20260909_033028_01_003,S001,20260909_033028,1,OTHER,3,S001/01_OTHER/S001_20260909_033028_01_003.mp4,2026-09-09T03:32:53+09:00,4.067,30.0,1280,720,0,False,accepted
S001_20260909_033028_01_004,S001,20260909_033028,1,OTHER,4,S001/01_OTHER/S001_20260909_033028_01_004.mp4,2026-09-09T03:33:01+09:00,4.067,30.0,1280,720,0,False,accepted
S001_20260909_033028_01_005,S001,20260909_033028,1,OTHER,5,S001/01_OTHER/S001_20260909_033028_01_005.mp4,2026-09-09T03:33:09+09:00,4.067,30.0,1280,720,0,False,accepted
S001_20260909_033028_01_006,S001,20260909_033028,1,OTHER,6,S001/01_OTHER/S001_20260909_033028_01_006.mp4,2026-09-09T03:33:17+09:00,4.067,30.0,1280,720,0,False,accepted
S001_20260909_033028_01_007,S001,20260909_033028,1,OTHER,7,S001/01_OTHER/S001_20260909_033028_01_007.mp4,2026-09-09T03:33:25+09:00,4.067,30.0,1280,720,0,False,accepted
S001_20260909_033028_01_008,S001,20260909_033028,1,OTHER,8,S001/01_OTHER/S001_20260909_033028_01_008.mp4,2026-09-09T03:33:34+09:00,4.067,30.0,1280,720,0,False,accepted
S001_20260909_033028_01_009,S001,20260909_033028,1,OTHER,9,S001/01_OTHER/S001_20260909_033028_01_009.mp4,2026-09-09T03:33:44+09:00,4.067,30.0,1280,720,0,False,accepted
S001_20260909_033028_01_010,S001,20260909_033028,1,OTHER,10,S001/01_OTHER/S001_20260909_033028_01_010.mp4,2026-09-09T03:33:53+09:00,4.067,30.0,1280,720,0,False,accepted
S001_20260909_033028_01_011,S001,20260909_033028,1,OTHER,11,S001/01_OTHER/S001_20260909_033028_01_011.mp4,2026-09-09T03:34:01+09:00,4.067,30.0,1280,720,0,False,accepted
S001_20260909_033028_01_012,S001,20260909_033028,1,OTHER,12,S001/01_OTHER/S001_20260909_033028_01_012.mp4,2026-09-09T03:34:08+09:00,4.067,30.0,1280,720,0,False,accepted
S001_20260909_033028_01_013,S001,20260909_033028,1,OTHER,13,S001/01_OTHER/S001_20260909_033028_01_013.mp4,2026-09-09T03:34:17+09:00,4.067,30.0,1280,720,0,False,accepted
S001_20260909_033028_01_014,S001,20260909_033028,1,OTHER,14,S001/01_OTHER/S001_20260909_033028_01_014.mp4,2026-09-09T03:34:25+09:00,4.067,30.0,1280,720,0,False,accepted
S001_20260909_033028_01_015,S001,20260909_033028,1,OTHER,15,S001/01_OTHER/S001_20260909_033028_01_015.mp4,2026-09-09T03:34:32+09:00,4.067,30.0,1280,720,0,False,accepted
S001_20260909_033028_01_016,S001,20260909_033028,1,OTHER,16,S001/01_OTHER/S001_20260909_033028_01_016.mp4,2026-09-09T03:34:41+09:00,4.067,30.0,1280,720,0,False,accepted
S001_20260909_033028_01_017,S001,20260909_033028,1,OTHER,17,S001/01_OTHER/S001_20260909_033028_01_017.mp4,2026-09-09T03:34:49+09:00,4.067,30.0,1280,720,0,False,accepted
S001_20260909_033028_01_018,S001,20260909_033028,1,OTHER,18,S001/01_OTHER/S001_20260909_033028_01_018.mp4,2026-09-09T03:34:57+09:00,4.067,30.0,1280,720,0,False,accepted
S001_20260909_033028_01_019,S001,20260909_033028,1,OTHER,19,S001/01_OTHER/S001_20260909_033028_01_019.mp4,2026-09-09T03:35:05+09:00,4.067,30.0,1280,720,0,False,accepted
S001_20260909_040855_05_001,S001,20260909_040855,5,먹다,1,S001/05_먹다/S001_20260909_040855_05_001.mp4,2026-09-09T04:09:34+09:00,4.033,30.0,1280,720,0,False,accepted
S001_20260909_040855_05_002,S001,20260909_040855,5,먹다,2,S001/05_먹다/S001_20260909_040855_05_002.mp4,2026-09-09T04:09:43+09:00,4.067,30.0,1280,720,0,False,accepted
S001_20260909_040855_05_003,S001,20260909_040855,5,먹다,3,S001/05_먹다/S001_20260909_040855_05_003.mp4,2026-09-09T04:09:51+09:00,4.067,30.0,1280,720,0,False,accepted
S001_20260909_040855_05_004,S001,20260909_040855,5,먹다,4,S001/05_먹다/S001_20260909_040855_05_004.mp4,2026-09-09T04:09:58+09:00,4.067,30.0,1280,720,0,False,accepted
S001_20260909_040855_05_005,S001,20260909_040855,5,먹다,5,S001/05_먹다/S001_20260909_040855_05_005.mp4,2026-09-09T04:10:06+09:00,4.067,30.0,1280,720,0,False,accepted
S001_20260909_040855_05_006,S001,20260909_040855,5,먹다,6,S001/05_먹다/S001_20260909_040855_05_006.mp4,2026-09-09T04:10:14+09:00,4.067,30.0,1280,720,0,False,accepted
S001_20260909_040855_05_007,S001,20260909_040855,5,먹다,7,S001/05_먹다/S001_20260909_040855_05_007.mp4,2026-09-09T04:10:22+09:00,4.067,30.0,1280,720,0,False,accepted
S001_20260909_040855_05_008,S001,20260909_040855,5,먹다,8,S001/05_먹다/S001_20260909_040855_05_008.mp4,2026-09-09T04:10:30+09:00,4.067,30.0,1280,720,0,False,accepted
S001_20260909_040855_05_009,S001,20260909_040855,5,먹다,9,S001/05_먹다/S001_20260909_040855_05_009.mp4,2026-09-09T04:10:38+09:00,4.067,30.0,1280,720,0,False,accepted
S001_20260909_040855_05_010,S001,20260909_040855,5,먹다,10,S001/05_먹다/S001_20260909_040855_05_010.mp4,2026-09-09T04:10:46+09:00,4.067,30.0,1280,720,0,False,accepted
S001_20260909_040855_05_011,S001,20260909_040855,5,먹다,11,S001/05_먹다/S001_20260909_040855_05_011.mp4,2026-09-09T04:10:54+09:00,4.067,30.0,1280,720,0,False,accepted
S001_20260909_040855_05_012,S001,20260909_040855,5,먹다,12,S001/05_먹다/S001_20260909_040855_05_012.mp4,2026-09-09T04:11:02+09:00,4.067,30.0,1280,720,0,False,accepted
S001_20260909_040855_06_001,S001,20260909_040855,6,아프다,1,S001/06_아프다/S001_20260909_040855_06_001.mp4,2026-09-09T04:11:37+09:00,4.033,30.0,1280,720,0,False,accepted
S001_20260909_040855_06_002,S001,20260909_040855,6,아프다,2,S001/06_아프다/S001_20260909_040855_06_002.mp4,2026-09-09T04:11:44+09:00,4.067,30.0,1280,720,0,False,accepted
S001_20260909_040855_06_003,S001,20260909_040855,6,아프다,3,S001/06_아프다/S001_20260909_040855_06_003.mp4,2026-09-09T04:11:52+09:00,4.067,30.0,1280,720,0,False,accepted
S001_20260909_040855_06_004,S001,20260909_040855,6,아프다,4,S001/06_아프다/S001_20260909_040855_06_004.mp4,2026-09-09T04:12:00+09:00,4.067,30.0,1280,720,0,False,accepted
S001_20260909_040855_06_005,S001,20260909_040855,6,아프다,5,S001/06_아프다/S001_20260909_040855_06_005.mp4,2026-09-09T04:12:08+09:00,4.067,30.0,1280,720,0,False,accepted
S001_20260909_040855_06_006,S001,20260909_040855,6,아프다,6,S001/06_아프다/S001_20260909_040855_06_006.mp4,2026-09-09T04:12:15+09:00,4.067,30.0,1280,720,0,False,accepted
S001_20260909_040855_06_007,S001,20260909_040855,6,아프다,7,S001/06_아프다/S001_20260909_040855_06_007.mp4,2026-09-09T04:12:23+09:00,4.067,30.0,1280,720,0,False,accepted
S001_20260909_040855_06_008,S001,20260909_040855,6,아프다,8,S001/06_아프다/S001_20260909_040855_06_008.mp4,2026-09-09T04:12:32+09:00,4.067,30.0,1280,720,0,False,accepted
S001_20260909_040855_06_009,S001,20260909_040855,6,아프다,9,S001/06_아프다/S001_20260909_040855_06_009.mp4,2026-09-09T04:12:39+09:00,4.067,30.0,1280,720,0,False,accepted
S001_20260909_040855_06_010,S001,20260909_040855,6,아프다,10,S001/06_아프다/S001_20260909_040855_06_010.mp4,2026-09-09T04:12:48+09:00,4.067,30.0,1280,720,0,False,accepted
S001_20260909_040855_06_011,S001,20260909_040855,6,아프다,11,S001/06_아프다/S001_20260909_040855_06_011.mp4,2026-09-09T04:12:57+09:00,4.067,30.0,1280,720,0,False,accepted
S001_20260909_040855_06_012,S001,20260909_040855,6,아프다,12,S001/06_아프다/S001_20260909_040855_06_012.mp4,2026-09-09T04:13:05+09:00,4.067,30.0,1280,720,0,False,accepted
S002_20260910_183927_00_001,S002,20260910_183927,0,IDLE,1,S002/00_IDLE/S002_20260910_183927_00_001.mp4,2026-09-10T18:40:02+09:00,4.034,30.0,1280,720,0,False,accepted
S002_20260910_183927_00_002,S002,20260910_183927,0,IDLE,2,S002/00_IDLE/S002_20260910_183927_00_002.mp4,2026-09-10T18:40:10+09:00,4.034,30.0,1280,720,0,False,accepted
S002_20260910_183927_00_003,S002,20260910_183927,0,IDLE,3,S002/00_IDLE/S002_20260910_183927_00_003.mp4,2026-09-10T18:40:26+09:00,3.867,30.0,1280,720,0,False,accepted
S002_20260910_183927_00_004,S002,20260910_183927,0,IDLE,4,S002/00_IDLE/S002_20260910_183927_00_004.mp4,2026-09-10T18:40:34+09:00,4.067,30.0,1280,720,0,False,accepted
S002_20260910_183927_00_005,S002,20260910_183927,0,IDLE,5,S002/00_IDLE/S002_20260910_183927_00_005.mp4,2026-09-10T18:40:42+09:00,3.967,30.0,1280,720,0,False,accepted
S002_20260910_183927_00_006,S002,20260910_183927,0,IDLE,6,S002/00_IDLE/S002_20260910_183927_00_006.mp4,2026-09-10T18:40:50+09:00,4.067,30.0,1280,720,0,False,accepted
S002_20260910_183927_00_007,S002,20260910_183927,0,IDLE,7,S002/00_IDLE/S002_20260910_183927_00_007.mp4,2026-09-10T18:40:58+09:00,4.034,30.0,1280,720,0,False,accepted
S002_20260910_183927_00_008,S002,20260910_183927,0,IDLE,8,S002/00_IDLE/S002_20260910_183927_00_008.mp4,2026-09-10T18:41:06+09:00,4.067,30.0,1280,720,0,False,accepted
S002_20260910_183927_00_009,S002,20260910_183927,0,IDLE,9,S002/00_IDLE/S002_20260910_183927_00_009.mp4,2026-09-10T18:41:14+09:00,4.034,30.0,1280,720,0,False,accepted
S002_20260910_183927_00_010,S002,20260910_183927,0,IDLE,10,S002/00_IDLE/S002_20260910_183927_00_010.mp4,2026-09-10T18:41:22+09:00,4.067,30.0,1280,720,0,False,accepted
S002_20260910_183927_01_001,S002,20260910_183927,1,OTHER,1,S002/01_OTHER/S002_20260910_183927_01_001.mp4,2026-09-10T18:41:46+09:00,4.067,30.0,1280,720,0,False,accepted
S002_20260910_183927_01_002,S002,20260910_183927,1,OTHER,2,S002/01_OTHER/S002_20260910_183927_01_002.mp4,2026-09-10T18:41:54+09:00,4.067,30.0,1280,720,0,False,accepted
S002_20260910_183927_01_003,S002,20260910_183927,1,OTHER,3,S002/01_OTHER/S002_20260910_183927_01_003.mp4,2026-09-10T18:42:02+09:00,4.034,30.0,1280,720,0,False,accepted
S002_20260910_183927_01_004,S002,20260910_183927,1,OTHER,4,S002/01_OTHER/S002_20260910_183927_01_004.mp4,2026-09-10T18:42:10+09:00,4.034,30.0,1280,720,0,False,accepted
S002_20260910_183927_01_005,S002,20260910_183927,1,OTHER,5,S002/01_OTHER/S002_20260910_183927_01_005.mp4,2026-09-10T18:42:18+09:00,3.967,30.0,1280,720,0,False,accepted
S002_20260910_183927_01_006,S002,20260910_183927,1,OTHER,6,S002/01_OTHER/S002_20260910_183927_01_006.mp4,2026-09-10T18:42:26+09:00,4.034,30.0,1280,720,0,False,accepted
S002_20260910_183927_01_007,S002,20260910_183927,1,OTHER,7,S002/01_OTHER/S002_20260910_183927_01_007.mp4,2026-09-10T18:42:34+09:00,4.034,30.0,1280,720,0,False,accepted
S002_20260910_183927_01_008,S002,20260910_183927,1,OTHER,8,S002/01_OTHER/S002_20260910_183927_01_008.mp4,2026-09-10T18:42:42+09:00,4.034,30.0,1280,720,0,False,accepted
S002_20260910_183927_01_009,S002,20260910_183927,1,OTHER,9,S002/01_OTHER/S002_20260910_183927_01_009.mp4,2026-09-10T18:42:50+09:00,4.034,30.0,1280,720,0,False,accepted
S002_20260910_183927_01_010,S002,20260910_183927,1,OTHER,10,S002/01_OTHER/S002_20260910_183927_01_010.mp4,2026-09-10T18:42:58+09:00,4.034,30.0,1280,720,0,False,accepted
S002_20260910_183927_01_011,S002,20260910_183927,1,OTHER,11,S002/01_OTHER/S002_20260910_183927_01_011.mp4,2026-09-10T18:43:06+09:00,4.067,30.0,1280,720,0,False,accepted
S002_20260910_183927_01_012,S002,20260910_183927,1,OTHER,12,S002/01_OTHER/S002_20260910_183927_01_012.mp4,2026-09-10T18:43:12+09:00,4.034,30.0,1280,720,0,False,accepted
S002_20260910_183927_01_013,S002,20260910_183927,1,OTHER,13,S002/01_OTHER/S002_20260910_183927_01_013.mp4,2026-09-10T18:43:22+09:00,4.067,30.0,1280,720,0,False,accepted
S002_20260910_183927_01_014,S002,20260910_183927,1,OTHER,14,S002/01_OTHER/S002_20260910_183927_01_014.mp4,2026-09-10T18:43:30+09:00,4.067,30.0,1280,720,0,False,accepted
S002_20260910_183927_01_015,S002,20260910_183927,1,OTHER,15,S002/01_OTHER/S002_20260910_183927_01_015.mp4,2026-09-10T18:43:38+09:00,4.067,30.0,1280,720,0,False,accepted
S002_20260910_183927_01_016,S002,20260910_183927,1,OTHER,16,S002/01_OTHER/S002_20260910_183927_01_016.mp4,2026-09-10T18:43:52+09:00,4.067,30.0,1280,720,0,False,accepted
S002_20260910_183927_01_017,S002,20260910_183927,1,OTHER,17,S002/01_OTHER/S002_20260910_183927_01_017.mp4,2026-09-10T18:44:00+09:00,4.067,30.0,1280,720,0,False,accepted
S002_20260910_183927_01_018,S002,20260910_183927,1,OTHER,18,S002/01_OTHER/S002_20260910_183927_01_018.mp4,2026-09-10T18:44:08+09:00,4.067,30.0,1280,720,0,False,accepted
S002_20260910_183927_01_019,S002,20260910_183927,1,OTHER,19,S002/01_OTHER/S002_20260910_183927_01_019.mp4,2026-09-10T18:44:16+09:00,4.067,30.0,1280,720,0,False,accepted
S002_20260910_183927_02_001,S002,20260910_183927,2,나,1,S002/02_나/S002_20260910_183927_02_001.mp4,2026-09-10T18:45:50+09:00,4.0,30.0,1280,720,0,False,accepted
S002_20260910_183927_02_002,S002,20260910_183927,2,나,2,S002/02_나/S002_20260910_183927_02_002.mp4,2026-09-10T18:45:58+09:00,4.067,30.0,1280,720,0,False,accepted
S002_20260910_183927_02_003,S002,20260910_183927,2,나,3,S002/02_나/S002_20260910_183927_02_003.mp4,2026-09-10T18:46:06+09:00,4.034,30.0,1280,720,0,False,accepted
S002_20260910_183927_02_004,S002,20260910_183927,2,나,4,S002/02_나/S002_20260910_183927_02_004.mp4,2026-09-10T18:46:12+09:00,3.934,30.0,1280,720,0,False,accepted
S002_20260910_183927_02_005,S002,20260910_183927,2,나,5,S002/02_나/S002_20260910_183927_02_005.mp4,2026-09-10T18:46:20+09:00,4.067,30.0,1280,720,0,False,accepted
S002_20260910_183927_02_006,S002,20260910_183927,2,나,6,S002/02_나/S002_20260910_183927_02_006.mp4,2026-09-10T18:46:28+09:00,3.4,30.0,1280,720,0,False,accepted
S002_20260910_183927_02_007,S002,20260910_183927,2,나,7,S002/02_나/S002_20260910_183927_02_007.mp4,2026-09-10T18:46:36+09:00,4.034,30.0,1280,720,0,False,accepted
S002_20260910_183927_02_008,S002,20260910_183927,2,나,8,S002/02_나/S002_20260910_183927_02_008.mp4,2026-09-10T18:46:42+09:00,4.067,30.0,1280,720,0,False,accepted
S002_20260910_183927_02_009,S002,20260910_183927,2,나,9,S002/02_나/S002_20260910_183927_02_009.mp4,2026-09-10T18:46:50+09:00,4.067,30.0,1280,720,0,False,accepted
S002_20260910_183927_02_010,S002,20260910_183927,2,나,10,S002/02_나/S002_20260910_183927_02_010.mp4,2026-09-10T18:46:58+09:00,4.034,30.0,1280,720,0,False,accepted
S002_20260910_183927_03_001,S002,20260910_183927,3,가다,1,S002/03_가다/S002_20260910_183927_03_001.mp4,2026-09-10T18:47:42+09:00,4.034,30.0,1280,720,0,False,accepted
S002_20260910_183927_03_002,S002,20260910_183927,3,가다,2,S002/03_가다/S002_20260910_183927_03_002.mp4,2026-09-10T18:47:50+09:00,4.034,30.0,1280,720,0,False,accepted
S002_20260910_183927_03_003,S002,20260910_183927,3,가다,3,S002/03_가다/S002_20260910_183927_03_003.mp4,2026-09-10T18:47:58+09:00,4.034,30.0,1280,720,0,False,accepted
S002_20260910_183927_03_004,S002,20260910_183927,3,가다,4,S002/03_가다/S002_20260910_183927_03_004.mp4,2026-09-10T18:48:06+09:00,4.034,30.0,1280,720,0,False,accepted
S002_20260910_183927_03_005,S002,20260910_183927,3,가다,5,S002/03_가다/S002_20260910_183927_03_005.mp4,2026-09-10T18:48:14+09:00,4.067,30.0,1280,720,0,False,accepted
S002_20260910_183927_03_006,S002,20260910_183927,3,가다,6,S002/03_가다/S002_20260910_183927_03_006.mp4,2026-09-10T18:48:20+09:00,4.034,30.0,1280,720,0,False,accepted
S002_20260910_183927_03_007,S002,20260910_183927,3,가다,7,S002/03_가다/S002_20260910_183927_03_007.mp4,2026-09-10T18:48:28+09:00,4.034,30.0,1280,720,0,False,accepted
S002_20260910_183927_03_008,S002,20260910_183927,3,가다,8,S002/03_가다/S002_20260910_183927_03_008.mp4,2026-09-10T18:48:36+09:00,4.067,30.0,1280,720,0,False,accepted
S002_20260910_183927_03_009,S002,20260910_183927,3,가다,9,S002/03_가다/S002_20260910_183927_03_009.mp4,2026-09-10T18:48:44+09:00,4.034,30.0,1280,720,0,False,accepted
S002_20260910_183927_03_010,S002,20260910_183927,3,가다,10,S002/03_가다/S002_20260910_183927_03_010.mp4,2026-09-10T18:48:52+09:00,4.034,30.0,1280,720,0,False,accepted
S002_20260910_183927_04_001,S002,20260910_183927,4,학교,1,S002/04_학교/S002_20260910_183927_04_001.mp4,2026-09-10T18:49:46+09:00,4.034,30.0,1280,720,0,False,accepted
S002_20260910_183927_04_002,S002,20260910_183927,4,학교,2,S002/04_학교/S002_20260910_183927_04_002.mp4,2026-09-10T18:49:54+09:00,4.034,30.0,1280,720,0,False,accepted
S002_20260910_183927_04_003,S002,20260910_183927,4,학교,3,S002/04_학교/S002_20260910_183927_04_003.mp4,2026-09-10T18:50:02+09:00,4.067,30.0,1280,720,0,False,accepted
S002_20260910_183927_04_004,S002,20260910_183927,4,학교,4,S002/04_학교/S002_20260910_183927_04_004.mp4,2026-09-10T18:50:10+09:00,4.067,30.0,1280,720,0,False,accepted
S002_20260910_183927_04_005,S002,20260910_183927,4,학교,5,S002/04_학교/S002_20260910_183927_04_005.mp4,2026-09-10T18:50:18+09:00,4.034,30.0,1280,720,0,False,accepted
S002_20260910_183927_04_006,S002,20260910_183927,4,학교,6,S002/04_학교/S002_20260910_183927_04_006.mp4,2026-09-10T18:50:24+09:00,4.034,30.0,1280,720,0,False,accepted
S002_20260910_183927_04_007,S002,20260910_183927,4,학교,7,S002/04_학교/S002_20260910_183927_04_007.mp4,2026-09-10T18:50:32+09:00,4.067,30.0,1280,720,0,False,accepted
S002_20260910_183927_04_008,S002,20260910_183927,4,학교,8,S002/04_학교/S002_20260910_183927_04_008.mp4,2026-09-10T18:50:40+09:00,4.067,30.0,1280,720,0,False,accepted
S002_20260910_183927_04_009,S002,20260910_183927,4,학교,9,S002/04_학교/S002_20260910_183927_04_009.mp4,2026-09-10T18:50:48+09:00,4.034,30.0,1280,720,0,False,accepted
S002_20260910_183927_04_010,S002,20260910_183927,4,학교,10,S002/04_학교/S002_20260910_183927_04_010.mp4,2026-09-10T18:50:56+09:00,4.034,30.0,1280,720,0,False,accepted
S002_20260910_183927_05_001,S002,20260910_183927,5,먹다,1,S002/05_먹다/S002_20260910_183927_05_001.mp4,2026-09-10T18:51:52+09:00,4.034,30.0,1280,720,0,False,accepted
S002_20260910_183927_05_002,S002,20260910_183927,5,먹다,2,S002/05_먹다/S002_20260910_183927_05_002.mp4,2026-09-10T18:52:00+09:00,4.034,30.0,1280,720,0,False,accepted
S002_20260910_183927_05_003,S002,20260910_183927,5,먹다,3,S002/05_먹다/S002_20260910_183927_05_003.mp4,2026-09-10T18:52:08+09:00,4.067,30.0,1280,720,0,False,accepted
S002_20260910_183927_05_004,S002,20260910_183927,5,먹다,4,S002/05_먹다/S002_20260910_183927_05_004.mp4,2026-09-10T18:52:16+09:00,4.034,30.0,1280,720,0,False,accepted
S002_20260910_183927_05_005,S002,20260910_183927,5,먹다,5,S002/05_먹다/S002_20260910_183927_05_005.mp4,2026-09-10T18:52:22+09:00,4.067,30.0,1280,720,0,False,accepted
S002_20260910_183927_05_006,S002,20260910_183927,5,먹다,6,S002/05_먹다/S002_20260910_183927_05_006.mp4,2026-09-10T18:52:30+09:00,4.067,30.0,1280,720,0,False,accepted
S002_20260910_183927_05_007,S002,20260910_183927,5,먹다,7,S002/05_먹다/S002_20260910_183927_05_007.mp4,2026-09-10T18:52:38+09:00,4.067,30.0,1280,720,0,False,accepted
S002_20260910_183927_05_008,S002,20260910_183927,5,먹다,8,S002/05_먹다/S002_20260910_183927_05_008.mp4,2026-09-10T18:52:44+09:00,4.067,30.0,1280,720,0,False,accepted
S002_20260910_183927_05_009,S002,20260910_183927,5,먹다,9,S002/05_먹다/S002_20260910_183927_05_009.mp4,2026-09-10T18:52:52+09:00,4.067,30.0,1280,720,0,False,accepted
S002_20260910_183927_05_010,S002,20260910_183927,5,먹다,10,S002/05_먹다/S002_20260910_183927_05_010.mp4,2026-09-10T18:53:00+09:00,4.034,30.0,1280,720,0,False,accepted
S002_20260910_183927_06_001,S002,20260910_183927,6,아프다,1,S002/06_아프다/S002_20260910_183927_06_001.mp4,2026-09-10T18:53:40+09:00,4.067,30.0,1280,720,0,False,accepted
S002_20260910_183927_06_002,S002,20260910_183927,6,아프다,2,S002/06_아프다/S002_20260910_183927_06_002.mp4,2026-09-10T18:53:46+09:00,4.067,30.0,1280,720,0,False,accepted
S002_20260910_183927_06_003,S002,20260910_183927,6,아프다,3,S002/06_아프다/S002_20260910_183927_06_003.mp4,2026-09-10T18:53:54+09:00,4.067,30.0,1280,720,0,False,accepted
S002_20260910_183927_06_004,S002,20260910_183927,6,아프다,4,S002/06_아프다/S002_20260910_183927_06_004.mp4,2026-09-10T18:54:02+09:00,4.067,30.0,1280,720,0,False,accepted
S002_20260910_183927_06_005,S002,20260910_183927,6,아프다,5,S002/06_아프다/S002_20260910_183927_06_005.mp4,2026-09-10T18:54:08+09:00,4.034,30.0,1280,720,0,False,accepted
S002_20260910_183927_06_006,S002,20260910_183927,6,아프다,6,S002/06_아프다/S002_20260910_183927_06_006.mp4,2026-09-10T18:54:16+09:00,4.034,30.0,1280,720,0,False,accepted
S002_20260910_183927_06_007,S002,20260910_183927,6,아프다,7,S002/06_아프다/S002_20260910_183927_06_007.mp4,2026-09-10T18:54:24+09:00,4.034,30.0,1280,720,0,False,accepted
S002_20260910_183927_06_008,S002,20260910_183927,6,아프다,8,S002/06_아프다/S002_20260910_183927_06_008.mp4,2026-09-10T18:54:32+09:00,4.034,30.0,1280,720,0,False,accepted
S002_20260910_183927_06_009,S002,20260910_183927,6,아프다,9,S002/06_아프다/S002_20260910_183927_06_009.mp4,2026-09-10T18:54:38+09:00,4.034,30.0,1280,720,0,False,accepted
S002_20260910_183927_06_010,S002,20260910_183927,6,아프다,10,S002/06_아프다/S002_20260910_183927_06_010.mp4,2026-09-10T18:54:48+09:00,4.034,30.0,1280,720,0,False,accepted
S001_20260911_150957_07_001,S001,20260911_150957,7,너,1,S001/07_너/S001_20260911_150957_07_001.mp4,2026-09-11T15:10:47+09:00,4.033,30.0,1280,720,0,False,accepted
S001_20260911_150957_07_002,S001,20260911_150957,7,너,2,S001/07_너/S001_20260911_150957_07_002.mp4,2026-09-11T15:10:55+09:00,4.067,30.0,1280,720,0,False,accepted
S001_20260911_150957_07_003,S001,20260911_150957,7,너,3,S001/07_너/S001_20260911_150957_07_003.mp4,2026-09-11T15:11:03+09:00,4.067,30.0,1280,720,0,False,accepted
S001_20260911_150957_07_004,S001,20260911_150957,7,너,4,S001/07_너/S001_20260911_150957_07_004.mp4,2026-09-11T15:11:11+09:00,4.067,30.0,1280,720,0,False,accepted
S001_20260911_150957_07_005,S001,20260911_150957,7,너,5,S001/07_너/S001_20260911_150957_07_005.mp4,2026-09-11T15:11:19+09:00,4.067,30.0,1280,720,0,False,accepted
S001_20260911_150957_07_006,S001,20260911_150957,7,너,6,S001/07_너/S001_20260911_150957_07_006.mp4,2026-09-11T15:11:27+09:00,4.067,30.0,1280,720,0,False,accepted
S001_20260911_150957_07_007,S001,20260911_150957,7,너,7,S001/07_너/S001_20260911_150957_07_007.mp4,2026-09-11T15:11:35+09:00,4.067,30.0,1280,720,0,False,accepted
S001_20260911_150957_07_008,S001,20260911_150957,7,너,8,S001/07_너/S001_20260911_150957_07_008.mp4,2026-09-11T15:11:43+09:00,4.067,30.0,1280,720,0,False,accepted
S001_20260911_150957_07_009,S001,20260911_150957,7,너,9,S001/07_너/S001_20260911_150957_07_009.mp4,2026-09-11T15:11:51+09:00,4.033,30.0,1280,720,0,False,accepted
S001_20260911_150957_07_010,S001,20260911_150957,7,너,10,S001/07_너/S001_20260911_150957_07_010.mp4,2026-09-11T15:12:00+09:00,4.067,30.0,1280,720,0,False,accepted
S001_20260911_150957_07_011,S001,20260911_150957,7,너,11,S001/07_너/S001_20260911_150957_07_011.mp4,2026-09-11T15:12:08+09:00,4.067,30.0,1280,720,0,False,accepted
S001_20260911_150957_07_012,S001,20260911_150957,7,너,12,S001/07_너/S001_20260911_150957_07_012.mp4,2026-09-11T15:12:16+09:00,4.067,30.0,1280,720,0,False,accepted
S001_20260911_150957_08_001,S001,20260911_150957,8,좋다,1,S001/08_좋다/S001_20260911_150957_08_001.mp4,2026-09-11T15:12:43+09:00,4.067,30.0,1280,720,0,False,accepted
S001_20260911_150957_08_002,S001,20260911_150957,8,좋다,2,S001/08_좋다/S001_20260911_150957_08_002.mp4,2026-09-11T15:12:53+09:00,4.067,30.0,1280,720,0,False,accepted
S001_20260911_150957_08_003,S001,20260911_150957,8,좋다,3,S001/08_좋다/S001_20260911_150957_08_003.mp4,2026-09-11T15:13:01+09:00,4.067,30.0,1280,720,0,False,accepted
S001_20260911_150957_08_004,S001,20260911_150957,8,좋다,4,S001/08_좋다/S001_20260911_150957_08_004.mp4,2026-09-11T15:13:09+09:00,4.067,30.0,1280,720,0,False,accepted
S001_20260911_150957_08_005,S001,20260911_150957,8,좋다,5,S001/08_좋다/S001_20260911_150957_08_005.mp4,2026-09-11T15:13:17+09:00,4.067,30.0,1280,720,0,False,accepted
S001_20260911_150957_08_006,S001,20260911_150957,8,좋다,6,S001/08_좋다/S001_20260911_150957_08_006.mp4,2026-09-11T15:13:25+09:00,4.067,30.0,1280,720,0,False,accepted
S001_20260911_150957_08_007,S001,20260911_150957,8,좋다,7,S001/08_좋다/S001_20260911_150957_08_007.mp4,2026-09-11T15:13:33+09:00,4.067,30.0,1280,720,0,False,accepted
S001_20260911_150957_08_008,S001,20260911_150957,8,좋다,8,S001/08_좋다/S001_20260911_150957_08_008.mp4,2026-09-11T15:13:41+09:00,4.067,30.0,1280,720,0,False,accepted
S001_20260911_150957_08_009,S001,20260911_150957,8,좋다,9,S001/08_좋다/S001_20260911_150957_08_009.mp4,2026-09-11T15:13:49+09:00,4.067,30.0,1280,720,0,False,accepted
S001_20260911_150957_08_010,S001,20260911_150957,8,좋다,10,S001/08_좋다/S001_20260911_150957_08_010.mp4,2026-09-11T15:13:57+09:00,4.067,30.0,1280,720,0,False,accepted
S001_20260911_150957_08_011,S001,20260911_150957,8,좋다,11,S001/08_좋다/S001_20260911_150957_08_011.mp4,2026-09-11T15:14:05+09:00,4.067,30.0,1280,720,0,False,accepted
S001_20260911_150957_08_012,S001,20260911_150957,8,좋다,12,S001/08_좋다/S001_20260911_150957_08_012.mp4,2026-09-11T15:14:13+09:00,4.067,30.0,1280,720,0,False,accepted
S001_20260911_150957_09_001,S001,20260911_150957,9,싫다,1,S001/09_싫다/S001_20260911_150957_09_001.mp4,2026-09-11T15:14:57+09:00,4.033,30.0,1280,720,0,False,accepted
S001_20260911_150957_09_002,S001,20260911_150957,9,싫다,2,S001/09_싫다/S001_20260911_150957_09_002.mp4,2026-09-11T15:15:15+09:00,4.067,30.0,1280,720,0,False,accepted
S001_20260911_150957_09_003,S001,20260911_150957,9,싫다,3,S001/09_싫다/S001_20260911_150957_09_003.mp4,2026-09-11T15:15:25+09:00,4.033,30.0,1280,720,0,False,accepted
S001_20260911_150957_09_004,S001,20260911_150957,9,싫다,4,S001/09_싫다/S001_20260911_150957_09_004.mp4,2026-09-11T15:15:33+09:00,4.067,30.0,1280,720,0,False,accepted
S001_20260911_150957_09_005,S001,20260911_150957,9,싫다,5,S001/09_싫다/S001_20260911_150957_09_005.mp4,2026-09-11T15:15:43+09:00,4.067,30.0,1280,720,0,False,accepted
S001_20260911_150957_09_006,S001,20260911_150957,9,싫다,6,S001/09_싫다/S001_20260911_150957_09_006.mp4,2026-09-11T15:15:51+09:00,4.067,30.0,1280,720,0,False,accepted
S001_20260911_150957_09_007,S001,20260911_150957,9,싫다,7,S001/09_싫다/S001_20260911_150957_09_007.mp4,2026-09-11T15:16:06+09:00,4.067,30.0,1280,720,0,False,accepted
S001_20260911_150957_09_008,S001,20260911_150957,9,싫다,8,S001/09_싫다/S001_20260911_150957_09_008.mp4,2026-09-11T15:16:17+09:00,4.067,30.0,1280,720,0,False,accepted
S001_20260911_150957_09_009,S001,20260911_150957,9,싫다,9,S001/09_싫다/S001_20260911_150957_09_009.mp4,2026-09-11T15:16:27+09:00,4.067,30.0,1280,720,0,False,accepted
S001_20260911_150957_09_010,S001,20260911_150957,9,싫다,10,S001/09_싫다/S001_20260911_150957_09_010.mp4,2026-09-11T15:16:35+09:00,4.067,30.0,1280,720,0,False,accepted
S001_20260911_150957_09_011,S001,20260911_150957,9,싫다,11,S001/09_싫다/S001_20260911_150957_09_011.mp4,2026-09-11T15:16:43+09:00,4.067,30.0,1280,720,0,False,accepted
S001_20260911_150957_09_012,S001,20260911_150957,9,싫다,12,S001/09_싫다/S001_20260911_150957_09_012.mp4,2026-09-11T15:16:54+09:00,4.067,30.0,1280,720,0,False,accepted
S001_20260911_150957_10_001,S001,20260911_150957,10,마시다,1,S001/10_마시다/S001_20260911_150957_10_001.mp4,2026-09-11T15:17:18+09:00,4.067,30.0,1280,720,0,False,accepted
S001_20260911_150957_10_002,S001,20260911_150957,10,마시다,2,S001/10_마시다/S001_20260911_150957_10_002.mp4,2026-09-11T15:17:26+09:00,4.067,30.0,1280,720,0,False,accepted
S001_20260911_150957_10_003,S001,20260911_150957,10,마시다,3,S001/10_마시다/S001_20260911_150957_10_003.mp4,2026-09-11T15:17:36+09:00,3.8,30.0,1280,720,0,False,accepted
S001_20260911_150957_10_004,S001,20260911_150957,10,마시다,4,S001/10_마시다/S001_20260911_150957_10_004.mp4,2026-09-11T15:17:44+09:00,4.067,30.0,1280,720,0,False,accepted
S001_20260911_150957_10_005,S001,20260911_150957,10,마시다,5,S001/10_마시다/S001_20260911_150957_10_005.mp4,2026-09-11T15:17:52+09:00,4.067,30.0,1280,720,0,False,accepted
S001_20260911_150957_10_006,S001,20260911_150957,10,마시다,6,S001/10_마시다/S001_20260911_150957_10_006.mp4,2026-09-11T15:18:00+09:00,4.067,30.0,1280,720,0,False,accepted
S001_20260911_150957_10_007,S001,20260911_150957,10,마시다,7,S001/10_마시다/S001_20260911_150957_10_007.mp4,2026-09-11T15:18:08+09:00,4.067,30.0,1280,720,0,False,accepted
S001_20260911_150957_10_008,S001,20260911_150957,10,마시다,8,S001/10_마시다/S001_20260911_150957_10_008.mp4,2026-09-11T15:18:16+09:00,4.067,30.0,1280,720,0,False,accepted
S001_20260911_150957_10_009,S001,20260911_150957,10,마시다,9,S001/10_마시다/S001_20260911_150957_10_009.mp4,2026-09-11T15:18:25+09:00,4.067,30.0,1280,720,0,False,accepted
S001_20260911_150957_10_010,S001,20260911_150957,10,마시다,10,S001/10_마시다/S001_20260911_150957_10_010.mp4,2026-09-11T15:18:34+09:00,4.067,30.0,1280,720,0,False,accepted
S001_20260911_150957_10_011,S001,20260911_150957,10,마시다,11,S001/10_마시다/S001_20260911_150957_10_011.mp4,2026-09-11T15:18:41+09:00,4.067,30.0,1280,720,0,False,accepted
S001_20260911_150957_10_012,S001,20260911_150957,10,마시다,12,S001/10_마시다/S001_20260911_150957_10_012.mp4,2026-09-11T15:18:50+09:00,4.067,30.0,1280,720,0,False,accepted
S001_20260911_150957_11_001,S001,20260911_150957,11,집,1,S001/11_집/S001_20260911_150957_11_001.mp4,2026-09-11T15:19:56+09:00,4.033,30.0,1280,720,0,False,accepted
S001_20260911_150957_11_002,S001,20260911_150957,11,집,2,S001/11_집/S001_20260911_150957_11_002.mp4,2026-09-11T15:20:04+09:00,4.067,30.0,1280,720,0,False,accepted
S001_20260911_150957_11_003,S001,20260911_150957,11,집,3,S001/11_집/S001_20260911_150957_11_003.mp4,2026-09-11T15:20:12+09:00,4.067,30.0,1280,720,0,False,accepted
S001_20260911_150957_11_004,S001,20260911_150957,11,집,4,S001/11_집/S001_20260911_150957_11_004.mp4,2026-09-11T15:20:20+09:00,4.067,30.0,1280,720,0,False,accepted
S001_20260911_150957_11_005,S001,20260911_150957,11,집,5,S001/11_집/S001_20260911_150957_11_005.mp4,2026-09-11T15:20:28+09:00,4.067,30.0,1280,720,0,False,accepted
S001_20260911_150957_11_006,S001,20260911_150957,11,집,6,S001/11_집/S001_20260911_150957_11_006.mp4,2026-09-11T15:20:36+09:00,4.067,30.0,1280,720,0,False,accepted
S001_20260911_150957_11_007,S001,20260911_150957,11,집,7,S001/11_집/S001_20260911_150957_11_007.mp4,2026-09-11T15:20:44+09:00,4.067,30.0,1280,720,0,False,accepted
S001_20260911_150957_11_008,S001,20260911_150957,11,집,8,S001/11_집/S001_20260911_150957_11_008.mp4,2026-09-11T15:20:53+09:00,4.067,30.0,1280,720,0,False,accepted
S001_20260911_150957_11_009,S001,20260911_150957,11,집,9,S001/11_집/S001_20260911_150957_11_009.mp4,2026-09-11T15:21:01+09:00,4.067,30.0,1280,720,0,False,accepted
S001_20260911_150957_11_010,S001,20260911_150957,11,집,10,S001/11_집/S001_20260911_150957_11_010.mp4,2026-09-11T15:21:10+09:00,4.067,30.0,1280,720,0,False,accepted
S001_20260911_150957_11_011,S001,20260911_150957,11,집,11,S001/11_집/S001_20260911_150957_11_011.mp4,2026-09-11T15:21:18+09:00,4.067,30.0,1280,720,0,False,accepted
S001_20260911_150957_11_012,S001,20260911_150957,11,집,12,S001/11_집/S001_20260911_150957_11_012.mp4,2026-09-11T15:21:27+09:00,4.067,30.0,1280,720,0,False,accepted
