label,precision,recall,f1,support
IDLE,1.0,1.0,1.0,2
OTHER,1.0,1.0,1.0,2
나,1.0,1.0,1.0,2
머리,1.0,1.0,1.0,2
배,0.6666666666666666,1.0,0.8,2
목,1.0,1.0,1.0,2
아프다,1.0,0.5,0.6666666666666666,2
어지럽다,1.0,1.0,1.0,2
기침,1.0,1.0,1.0,2
있다,1.0,1.0,1.0,2
가래,1.0,1.0,1.0,2
메스껍다,0.6666666666666666,1.0,0.8,2
지금,1.0,1.0,1.0,2
어제,1.0,1.0,1.0,2
심하다,1.0,1.0,1.0,2
가슴,1.0,1.0,1.0,2
열,1.0,1.0,1.0,2
허리,0.6666666666666666,1.0,0.8,2
약,1.0,1.0,1.0,2
콧물,1.0,1.0,1.0,2
설사,0.0,0.0,0.0,2
없다,1.0,1.0,1.0,2
구토,1.0,0.5,0.6666666666666666,2
조금,0.6666666666666666,1.0,0.8,2
