split,sample_id,signer_id,label,frames
train,S001_20260909_033028_00_004,S001,IDLE,60
train,S002_20260910_183927_00_010,S002,IDLE,60
train,S003_20260920_182058_00_006,S003,IDLE,60
train,S002_20260910_183927_00_005,S002,IDLE,60
train,S003_20260920_182058_00_007,S003,IDLE,60
train,S002_20260910_183927_00_008,S002,IDLE,60
train,S001_20260909_033028_00_012,S001,IDLE,60
train,S004_20260913_200118_00_007,S004,IDLE,60
train,S003_20260911_163406_00_003,S003,IDLE,60
train,S003_20260920_182058_00_001,S003,IDLE,60
train,S003_20260911_163406_00_008,S003,IDLE,60
train,S003_20260911_163406_00_010,S003,IDLE,60
train,S004_20260913_200118_00_002,S004,IDLE,60
train,S001_20260909_033028_00_005,S001,IDLE,60
train,S003_20260911_163406_00_007,S003,IDLE,60
train,S001_20260909_033028_00_011,S001,IDLE,60
train,S003_20260911_163406_00_005,S003,IDLE,60
train,S003_20260920_182058_00_004,S003,IDLE,60
train,S001_20260909_033028_00_001,S001,IDLE,60
train,S004_20260913_200118_00_003,S004,IDLE,60
train,S002_20260910_183927_00_007,S002,IDLE,60
train,S003_20260920_182058_00_010,S003,IDLE,60
train,S004_20260913_200118_00_009,S004,IDLE,60
train,S003_20260920_182058_00_003,S003,IDLE,60
train,S004_20260913_200118_00_006,S004,IDLE,60
train,S003_20260911_163406_00_009,S003,IDLE,60
train,S002_20260910_183927_00_009,S002,IDLE,60
train,S003_20260911_163406_00_001,S003,IDLE,60
train,S002_20260910_183927_00_001,S002,IDLE,60
train,S004_20260913_200118_00_010,S004,IDLE,60
train,S003_20260911_163406_00_011,S003,IDLE,60
train,S004_20260913_200118_00_004,S004,IDLE,60
train,S002_20260910_183927_00_002,S002,IDLE,60
train,S003_20260920_182058_00_009,S003,IDLE,60
train,S004_20260913_200118_00_008,S004,IDLE,60
train,S001_20260909_033028_00_003,S001,IDLE,60
train,S003_20260911_163406_00_006,S003,IDLE,60
train,S003_20260920_182058_00_005,S003,IDLE,60
train,S001_20260909_033028_00_006,S001,IDLE,60
train,S003_20260920_182058_00_002,S003,IDLE,60
train,S004_20260913_200118_00_001,S004,IDLE,60
train,S001_20260909_033028_00_007,S001,IDLE,60
train,S001_20260909_033028_00_009,S001,IDLE,60
train,S002_20260910_183927_00_003,S002,IDLE,60
train,S002_20260910_183927_00_004,S002,IDLE,60
train,S002_20260910_183927_00_006,S002,IDLE,60
train,S004_20260913_200118_00_005,S004,IDLE,60
train,S001_20260909_033028_00_002,S001,IDLE,60
train,S001_20260909_033028_00_008,S001,IDLE,60
train,S003_20260920_182058_00_008,S003,IDLE,60
train,S004_20260913_200118_01_011,S004,OTHER,60
train,S003_20260920_182058_01_009,S003,OTHER,60
train,S003_20260920_182058_01_003,S003,OTHER,60
train,S004_20260913_200118_01_019,S004,OTHER,60
train,S002_20260910_183927_01_001,S002,OTHER,60
train,S001_20260909_033028_01_007,S001,OTHER,60
train,S003_20260911_163406_01_020,S003,OTHER,60
train,S003_20260911_163406_01_015,S003,OTHER,60
train,S003_20260920_182058_01_010,S003,OTHER,60
train,S001_20260909_033028_01_001,S001,OTHER,60
train,S004_20260913_200118_01_008,S004,OTHER,60
train,S001_20260909_033028_01_002,S001,OTHER,60
train,S003_20260920_182058_01_001,S003,OTHER,60
train,S003_20260911_163406_01_014,S003,OTHER,60
train,S002_20260910_183927_01_012,S002,OTHER,60
train,S002_20260910_183927_01_015,S002,OTHER,60
train,S001_20260909_033028_01_012,S001,OTHER,60
train,S004_20260913_200118_01_014,S004,OTHER,60
train,S003_20260911_163406_01_018,S003,OTHER,60
train,S003_20260920_182058_01_006,S003,OTHER,60
train,S001_20260909_033028_01_019,S001,OTHER,60
train,S002_20260910_183927_01_010,S002,OTHER,60
train,S004_20260913_200118_01_016,S004,OTHER,60
train,S002_20260910_183927_01_009,S002,OTHER,60
train,S003_20260911_163406_01_004,S003,OTHER,60
train,S002_20260910_183927_01_005,S002,OTHER,60
train,S001_20260909_033028_01_008,S001,OTHER,60
train,S003_20260911_163406_01_016,S003,OTHER,60
train,S001_20260909_033028_01_017,S001,OTHER,60
train,S003_20260920_182058_01_007,S003,OTHER,60
train,S003_20260911_163406_01_019,S003,OTHER,60
train,S003_20260911_163406_01_005,S003,OTHER,60
train,S002_20260910_183927_01_013,S002,OTHER,60
train,S003_20260911_163406_01_002,S003,OTHER,60
train,S004_20260913_200118_01_004,S004,OTHER,60
train,S002_20260910_183927_01_018,S002,OTHER,60
train,S001_20260909_033028_01_014,S001,OTHER,60
train,S001_20260909_033028_01_005,S001,OTHER,60
train,S003_20260911_163406_01_017,S003,OTHER,60
train,S002_20260910_183927_01_007,S002,OTHER,60
train,S003_20260920_182058_01_011,S003,OTHER,60
train,S001_20260909_033028_01_003,S001,OTHER,60
train,S003_20260911_163406_01_013,S003,OTHER,60
train,S001_20260909_033028_01_004,S001,OTHER,60
train,S003_20260920_182058_01_012,S003,OTHER,60
train,S003_20260911_163406_01_006,S003,OTHER,60
train,S001_20260909_033028_01_015,S001,OTHER,60
train,S004_20260913_200118_01_003,S004,OTHER,60
train,S003_20260911_163406_01_007,S003,OTHER,60
train,S003_20260920_182058_01_005,S003,OTHER,60
train,S001_20260909_033028_01_018,S001,OTHER,60
train,S004_20260913_200118_01_017,S004,OTHER,60
train,S004_20260913_200118_01_006,S004,OTHER,60
train,S003_20260920_182058_01_004,S003,OTHER,60
train,S001_20260909_033028_01_016,S001,OTHER,60
train,S004_20260913_200118_01_001,S004,OTHER,60
train,S003_20260920_182058_01_008,S003,OTHER,60
train,S004_20260913_200118_01_007,S004,OTHER,60
train,S003_20260911_163406_01_003,S003,OTHER,60
train,S003_20260911_163406_01_001,S003,OTHER,60
train,S001_20260909_033028_01_010,S001,OTHER,60
train,S002_20260910_183927_01_016,S002,OTHER,60
train,S002_20260910_183927_01_008,S002,OTHER,60
train,S003_20260911_163406_01_008,S003,OTHER,60
train,S003_20260911_163406_01_010,S003,OTHER,60
train,S002_20260910_183927_01_002,S002,OTHER,60
train,S004_20260913_200118_01_015,S004,OTHER,60
train,S003_20260920_182058_01_002,S003,OTHER,60
train,S002_20260910_183927_01_017,S002,OTHER,60
train,S004_20260913_200118_01_021,S004,OTHER,60
train,S001_20260909_033028_01_013,S001,OTHER,60
train,S004_20260913_200118_01_009,S004,OTHER,60
train,S004_20260913_200118_01_020,S004,OTHER,60
train,S004_20260913_200118_01_018,S004,OTHER,60
train,S002_20260910_183927_01_011,S002,OTHER,60
train,S001_20260909_033028_01_006,S001,OTHER,60
train,S001_20260909_033028_01_009,S001,OTHER,60
train,S002_20260910_183927_01_006,S002,OTHER,60
train,S004_20260913_200118_01_005,S004,OTHER,60
train,S003_20260911_163406_01_009,S003,OTHER,60
train,S004_20260913_200118_01_012,S004,OTHER,60
train,S004_20260913_200118_01_013,S004,OTHER,60
train,S002_20260910_183927_01_019,S002,OTHER,60
train,S004_20260913_200118_01_002,S004,OTHER,60
train,S001_20260909_033028_01_011,S001,OTHER,60
train,S003_20260911_163406_01_012,S003,OTHER,60
train,S003_20260920_182058_02_003,S003,나,60
train,S002_20260910_183927_02_009,S002,나,60
train,S003_20260920_182058_02_009,S003,나,60
train,S002_20260910_183927_02_002,S002,나,60
train,S001_20260907_144757_02_003,S001,나,60
train,S001_20260907_144757_02_009,S001,나,60
train,S003_20260920_182058_02_011,S003,나,60
train,S003_20260911_163406_02_001,S003,나,60
train,S003_20260911_163406_02_012,S003,나,60
train,S003_20260911_163406_02_005,S003,나,60
train,S003_20260920_182058_02_012,S003,나,60
train,S002_20260910_183927_02_003,S002,나,60
train,S003_20260911_163406_02_007,S003,나,60
train,S001_20260907_144757_02_002,S001,나,60
train,S004_20260913_200118_02_009,S004,나,60
train,S004_20260913_200118_02_003,S004,나,60
train,S003_20260920_182058_02_005,S003,나,60
train,S001_20260907_144757_02_004,S001,나,60
train,S003_20260911_163406_02_004,S003,나,60
train,S002_20260910_183927_02_004,S002,나,60
train,S004_20260913_200118_02_004,S004,나,60
train,S004_20260913_200118_02_010,S004,나,60
train,S004_20260913_200118_02_002,S004,나,60
train,S003_20260920_182058_02_007,S003,나,60
train,S003_20260911_163406_02_009,S003,나,60
train,S004_20260913_200118_02_001,S004,나,60
train,S001_20260907_144757_02_006,S001,나,60
train,S003_20260911_163406_02_003,S003,나,60
train,S003_20260911_163406_02_002,S003,나,60
train,S001_20260907_144757_02_010,S001,나,60
train,S002_20260910_183927_02_001,S002,나,60
train,S003_20260920_182058_02_004,S003,나,60
train,S002_20260910_183927_02_008,S002,나,60
train,S001_20260907_144757_02_007,S001,나,60
train,S003_20260920_182058_02_006,S003,나,60
train,S001_20260907_144757_02_012,S001,나,60
train,S003_20260911_163406_02_011,S003,나,60
train,S002_20260910_183927_02_005,S002,나,60
train,S004_20260913_200118_02_008,S004,나,60
train,S003_20260911_163406_02_008,S003,나,60
train,S001_20260907_144757_02_011,S001,나,60
train,S003_20260911_163406_02_006,S003,나,60
train,S002_20260910_183927_02_007,S002,나,60
train,S004_20260913_200118_02_005,S004,나,60
train,S002_20260910_183927_02_010,S002,나,60
train,S003_20260920_182058_02_008,S003,나,60
train,S003_20260927_211108_02_004,S003,나,60
train,S002_20260910_183927_02_006,S002,나,60
train,S003_20260927_211108_02_003,S003,나,60
train,S003_20260920_182058_02_001,S003,나,60
train,S004_20260913_200118_02_007,S004,나,60
train,S001_20260907_144757_02_008,S001,나,60
train,S003_20260927_211108_02_001,S003,나,60
train,S003_20260920_182058_02_010,S003,나,60
train,S001_20260907_144757_02_001,S001,나,60
train,S004_20260913_200118_02_006,S004,나,60
train,S003_20260920_182058_02_002,S003,나,60
train,S002_20260919_135401_03_003,S002,머리,60
train,S001_20260918_170717_03_006,S001,머리,60
train,S002_20260919_135401_03_011,S002,머리,60
train,S004_20260920_194032_03_004,S004,머리,60
train,S001_20260918_170717_03_012,S001,머리,60
train,S001_20260918_170717_03_010,S001,머리,60
train,S002_20260919_135401_03_012,S002,머리,60
train,S002_20260927_144551_03_004,S002,머리,60
train,S004_20260920_194032_03_005,S004,머리,60
train,S004_20260927_193206_03_001,S004,머리,60
train,S002_20260919_135401_03_009,S002,머리,60
train,S004_20260920_194032_03_007,S004,머리,60
train,S004_20260920_194032_03_001,S004,머리,60
train,S002_20260919_135401_03_005,S002,머리,60
train,S003_20260920_182058_03_001,S003,머리,60
train,S002_20260919_135401_03_002,S002,머리,60
train,S001_20260918_170717_03_007,S001,머리,60
train,S004_20260920_194032_03_003,S004,머리,60
train,S003_20260920_182058_03_008,S003,머리,60
train,S001_20260918_170717_03_009,S001,머리,60
train,S002_20260927_144551_03_003,S002,머리,60
train,S002_20260919_135401_03_001,S002,머리,60
train,S002_20260927_144551_03_002,S002,머리,60
train,S001_20260918_170717_03_011,S001,머리,60
train,S003_20260920_182058_03_007,S003,머리,60
train,S004_20260920_194032_03_008,S004,머리,60
train,S001_20260918_170717_03_003,S001,머리,60
train,S003_20260927_211108_03_001,S003,머리,60
train,S001_20260918_170717_03_004,S001,머리,60
train,S003_20260920_182058_03_009,S003,머리,60
train,S001_20260918_170717_03_001,S001,머리,60
train,S003_20260920_182058_03_005,S003,머리,60
train,S004_20260920_194032_03_010,S004,머리,60
train,S003_20260920_182058_03_004,S003,머리,60
train,S003_20260920_182058_03_006,S003,머리,60
train,S001_20260918_170717_03_002,S001,머리,60
train,S002_20260919_135401_03_006,S002,머리,60
train,S001_20260918_170717_03_005,S001,머리,60
train,S001_20260927_191926_03_003,S001,머리,60
train,S001_20260927_191926_03_004,S001,머리,60
train,S001_20260918_170717_03_008,S001,머리,60
train,S004_20260920_194032_03_009,S004,머리,60
train,S003_20260920_182058_03_002,S003,머리,60
train,S002_20260927_144551_03_001,S002,머리,60
train,S002_20260919_135401_03_008,S002,머리,60
train,S003_20260920_182058_03_010,S003,머리,60
train,S003_20260920_182058_03_011,S003,머리,60
train,S002_20260919_135401_03_010,S002,머리,60
train,S002_20260919_135401_03_004,S002,머리,60
train,S003_20260927_211108_03_003,S003,머리,60
train,S001_20260927_191926_03_001,S001,머리,60
train,S003_20260927_211108_03_002,S003,머리,60
train,S003_20260927_211108_03_004,S003,머리,60
train,S004_20260920_194032_03_002,S004,머리,60
train,S003_20260920_182058_03_003,S003,머리,60
train,S001_20260927_191926_03_002,S001,머리,60
train,S002_20260919_135401_04_004,S002,배,60
train,S001_20260918_170717_04_008,S001,배,60
train,S002_20260919_135401_04_002,S002,배,60
train,S002_20260919_135401_04_007,S002,배,60
train,S001_20260918_170717_04_011,S001,배,60
train,S002_20260919_135401_04_003,S002,배,60
train,S003_20260920_182058_04_012,S003,배,60
train,S004_20260920_194032_04_007,S004,배,60
train,S001_20260927_191926_04_004,S001,배,60
train,S003_20260920_182058_04_007,S003,배,60
train,S003_20260920_182058_04_005,S003,배,60
train,S001_20260918_170717_04_003,S001,배,60
train,S003_20260927_211108_04_002,S003,배,60
train,S004_20260927_193206_04_002,S004,배,60
train,S001_20260918_170717_04_010,S001,배,60
train,S001_20260927_191926_04_002,S001,배,60
train,S003_20260927_211108_04_003,S003,배,60
train,S002_20260919_135401_04_006,S002,배,60
train,S003_20260920_182058_04_001,S003,배,60
train,S004_20260920_194032_04_009,S004,배,60
train,S002_20260927_144551_04_002,S002,배,60
train,S001_20260918_170717_04_002,S001,배,60
train,S004_20260920_194032_04_002,S004,배,60
train,S003_20260920_182058_04_004,S003,배,60
train,S003_20260920_182058_04_006,S003,배,60
train,S002_20260927_144551_04_003,S002,배,60
train,S001_20260927_191926_04_001,S001,배,60
train,S002_20260927_144551_04_004,S002,배,60
train,S003_20260920_182058_04_010,S003,배,60
train,S001_20260918_170717_04_006,S001,배,60
train,S001_20260918_170717_04_001,S001,배,60
train,S004_20260920_194032_04_001,S004,배,60
train,S004_20260920_194032_04_010,S004,배,60
train,S004_20260920_194032_04_006,S004,배,60
train,S003_20260920_182058_04_003,S003,배,60
train,S004_20260920_194032_04_008,S004,배,60
train,S001_20260918_170717_04_005,S001,배,60
train,S004_20260920_194032_04_004,S004,배,60
train,S002_20260927_144551_04_001,S002,배,60
train,S002_20260919_135401_04_001,S002,배,60
train,S001_20260918_170717_04_012,S001,배,60
train,S002_20260919_135401_04_011,S002,배,60
train,S001_20260918_170717_04_009,S001,배,60
train,S002_20260919_135401_04_012,S002,배,60
train,S003_20260920_182058_04_002,S003,배,60
train,S004_20260920_194032_04_003,S004,배,60
train,S001_20260918_170717_04_013,S001,배,60
train,S001_20260927_191926_04_003,S001,배,60
train,S004_20260927_193206_04_001,S004,배,60
train,S004_20260920_194032_04_005,S004,배,60
train,S002_20260919_135401_04_005,S002,배,60
train,S003_20260927_211108_04_004,S003,배,60
train,S002_20260919_135401_04_009,S002,배,60
train,S001_20260918_170717_04_004,S001,배,60
train,S001_20260918_170717_04_007,S001,배,60
train,S004_20260927_193206_04_003,S004,배,60
train,S003_20260920_182058_04_011,S003,배,60
train,S003_20260927_211108_04_001,S003,배,60
train,S002_20260927_144551_05_001,S002,목,60
train,S002_20260927_144551_05_003,S002,목,60
train,S002_20260919_135401_05_009,S002,목,60
train,S002_20260919_135401_05_007,S002,목,60
train,S004_20260920_194032_05_008,S004,목,60
train,S004_20260920_194032_05_006,S004,목,60
train,S002_20260919_135401_05_002,S002,목,60
train,S001_20260918_170717_05_002,S001,목,60
train,S003_20260920_182058_05_009,S003,목,60
train,S003_20260920_182058_05_004,S003,목,60
train,S002_20260919_135401_05_012,S002,목,60
train,S002_20260927_144551_05_002,S002,목,60
train,S001_20260918_170717_05_007,S001,목,60
train,S003_20260920_182058_05_011,S003,목,60
train,S004_20260920_194032_05_009,S004,목,60
train,S002_20260919_135401_05_003,S002,목,60
train,S002_20260919_135401_05_008,S002,목,60
train,S001_20260918_170717_05_001,S001,목,60
train,S003_20260920_182058_05_010,S003,목,60
train,S004_20260920_194032_05_010,S004,목,60
train,S001_20260927_191926_05_003,S001,목,60
train,S001_20260918_170717_05_010,S001,목,60
train,S002_20260927_144551_05_004,S002,목,60
train,S002_20260919_135401_05_006,S002,목,60
train,S004_20260920_194032_05_003,S004,목,60
train,S001_20260927_191926_05_001,S001,목,60
train,S001_20260918_170717_05_009,S001,목,60
train,S003_20260927_211108_05_003,S003,목,60
train,S003_20260920_182058_05_003,S003,목,60
train,S001_20260927_191926_05_002,S001,목,60
train,S002_20260919_135401_05_001,S002,목,60
train,S002_20260919_135401_05_005,S002,목,60
train,S004_20260927_193206_05_003,S004,목,60
train,S003_20260927_211108_05_002,S003,목,60
train,S004_20260920_194032_05_002,S004,목,60
train,S002_20260919_135401_05_011,S002,목,60
train,S004_20260927_193206_05_002,S004,목,60
train,S003_20260920_182058_05_008,S003,목,60
train,S001_20260918_170717_05_003,S001,목,60
train,S004_20260920_194032_05_004,S004,목,60
train,S003_20260920_182058_05_006,S003,목,60
train,S004_20260920_194032_05_001,S004,목,60
train,S003_20260920_182058_05_005,S003,목,60
train,S001_20260918_170717_05_008,S001,목,60
train,S002_20260919_135401_05_010,S002,목,60
train,S001_20260927_191926_05_004,S001,목,60
train,S003_20260920_182058_05_012,S003,목,60
train,S004_20260920_194032_05_005,S004,목,60
train,S003_20260920_182058_05_007,S003,목,60
train,S001_20260918_170717_05_005,S001,목,60
train,S001_20260918_170717_05_012,S001,목,60
train,S001_20260918_170717_05_006,S001,목,60
train,S004_20260927_193206_05_004,S004,목,60
train,S001_20260918_170717_05_004,S001,목,60
train,S001_20260918_170717_05_011,S001,목,60
train,S003_20260920_182058_05_002,S003,목,60
train,S004_20260920_194032_05_007,S004,목,60
train,S004_20260927_193206_05_001,S004,목,60
train,S003_20260920_182058_05_001,S003,목,60
train,S003_20260911_163406_06_001,S003,아프다,60
train,S004_20260913_200118_06_004,S004,아프다,60
train,S001_20260927_191926_06_001,S001,아프다,60
train,S001_20260909_040855_06_012,S001,아프다,60
train,S004_20260913_200118_06_010,S004,아프다,60
train,S001_20260909_040855_06_011,S001,아프다,60
train,S004_20260927_195428_06_003,S004,아프다,60
train,S002_20260927_144551_06_003,S002,아프다,60
train,S004_20260913_200118_06_001,S004,아프다,60
train,S003_20260927_211108_06_004,S003,아프다,60
train,S002_20260927_144551_06_001,S002,아프다,60
train,S003_20260920_182058_06_006,S003,아프다,60
train,S001_20260909_040855_06_002,S001,아프다,60
train,S002_20260927_144551_06_004,S002,아프다,60
train,S003_20260911_163406_06_011,S003,아프다,60
train,S003_20260920_182058_06_004,S003,아프다,60
train,S004_20260913_200118_06_009,S004,아프다,60
train,S002_20260910_183927_06_010,S002,아프다,60
train,S003_20260920_182058_06_010,S003,아프다,60
train,S002_20260910_183927_06_007,S002,아프다,60
train,S003_20260911_163406_06_012,S003,아프다,60
train,S001_20260927_191926_06_003,S001,아프다,60
train,S002_20260910_183927_06_008,S002,아프다,60
train,S003_20260920_182058_06_001,S003,아프다,60
train,S004_20260913_200118_06_006,S004,아프다,60
train,S002_20260910_183927_06_005,S002,아프다,60
train,S001_20260909_040855_06_005,S001,아프다,60
train,S002_20260910_183927_06_009,S002,아프다,60
train,S003_20260920_182058_06_011,S003,아프다,60
train,S001_20260909_040855_06_001,S001,아프다,60
train,S001_20260909_040855_06_003,S001,아프다,60
train,S003_20260927_211108_06_003,S003,아프다,60
train,S002_20260927_144551_06_002,S002,아프다,60
train,S001_20260909_040855_06_006,S001,아프다,60
train,S001_20260909_040855_06_004,S001,아프다,60
train,S003_20260920_182058_06_008,S003,아프다,60
train,S003_20260911_163406_06_004,S003,아프다,60
train,S003_20260911_163406_06_006,S003,아프다,60
train,S004_20260913_200118_06_005,S004,아프다,60
train,S003_20260920_182058_06_007,S003,아프다,60
train,S003_20260920_182058_06_012,S003,아프다,60
train,S002_20260910_183927_06_006,S002,아프다,60
train,S001_20260927_191926_06_002,S001,아프다,60
train,S003_20260920_182058_06_005,S003,아프다,60
train,S002_20260910_183927_06_003,S002,아프다,60
train,S002_20260910_183927_06_002,S002,아프다,60
train,S001_20260909_040855_06_010,S001,아프다,60
train,S004_20260927_195428_06_002,S004,아프다,60
train,S003_20260927_211108_06_002,S003,아프다,60
train,S004_20260913_200118_06_008,S004,아프다,60
train,S001_20260909_040855_06_008,S001,아프다,60
train,S002_20260910_183927_06_001,S002,아프다,60
train,S001_20260909_040855_06_009,S001,아프다,60
train,S004_20260913_200118_06_007,S004,아프다,60
train,S001_20260909_040855_06_007,S001,아프다,60
train,S004_20260927_195428_06_004,S004,아프다,60
train,S002_20260910_183927_06_004,S002,아프다,60
train,S003_20260912_183304_06_003,S003,아프다,60
train,S004_20260913_200118_06_003,S004,아프다,60
train,S003_20260920_182058_06_009,S003,아프다,60
train,S002_20260927_144551_07_004,S002,어지럽다,60
train,S003_20260920_182058_07_003,S003,어지럽다,60
train,S002_20260927_144551_07_001,S002,어지럽다,60
train,S003_20260920_182058_07_010,S003,어지럽다,60
train,S002_20260919_135401_07_003,S002,어지럽다,60
train,S001_20260918_170717_07_005,S001,어지럽다,60
train,S003_20260927_211108_07_003,S003,어지럽다,60
train,S003_20260920_182058_07_006,S003,어지럽다,60
train,S001_20260918_170717_07_006,S001,어지럽다,60
train,S003_20260920_182058_07_009,S003,어지럽다,60
train,S001_20260927_191926_07_002,S001,어지럽다,60
train,S002_20260919_135401_07_005,S002,어지럽다,60
train,S002_20260919_135401_07_008,S002,어지럽다,60
train,S003_20260927_211108_07_002,S003,어지럽다,60
train,S002_20260919_135401_07_004,S002,어지럽다,60
train,S003_20260920_182058_07_005,S003,어지럽다,60
train,S001_20260918_170717_07_009,S001,어지럽다,60
train,S004_20260920_194032_07_006,S004,어지럽다,60
train,S003_20260920_182058_07_002,S003,어지럽다,60
train,S003_20260920_182058_07_007,S003,어지럽다,60
train,S003_20260927_211108_07_001,S003,어지럽다,60
train,S001_20260918_170717_07_001,S001,어지럽다,60
train,S003_20260920_182058_07_001,S003,어지럽다,60
train,S001_20260918_170717_07_008,S001,어지럽다,60
train,S002_20260919_135401_07_012,S002,어지럽다,60
train,S002_20260919_135401_07_010,S002,어지럽다,60
train,S003_20260920_182058_07_012,S003,어지럽다,60
train,S004_20260920_194032_07_004,S004,어지럽다,60
train,S004_20260927_193206_07_002,S004,어지럽다,60
train,S002_20260927_144551_07_002,S002,어지럽다,60
train,S001_20260927_191926_07_001,S001,어지럽다,60
train,S001_20260927_191926_07_003,S001,어지럽다,60
train,S002_20260927_144551_07_003,S002,어지럽다,60
train,S001_20260918_170717_07_003,S001,어지럽다,60
train,S002_20260919_135401_07_009,S002,어지럽다,60
train,S004_20260927_193206_07_003,S004,어지럽다,60
train,S004_20260927_193206_07_001,S004,어지럽다,60
train,S002_20260919_135401_07_002,S002,어지럽다,60
train,S004_20260920_194032_07_003,S004,어지럽다,60
train,S004_20260927_193206_07_004,S004,어지럽다,60
train,S004_20260920_194032_07_005,S004,어지럽다,60
train,S002_20260919_135401_07_006,S002,어지럽다,60
train,S004_20260920_194032_07_001,S004,어지럽다,60
train,S001_20260918_170717_07_002,S001,어지럽다,60
train,S004_20260920_194032_07_007,S004,어지럽다,60
train,S001_20260918_170717_07_012,S001,어지럽다,60
train,S001_20260918_170717_07_011,S001,어지럽다,60
train,S001_20260927_191926_07_004,S001,어지럽다,60
train,S001_20260918_170717_07_010,S001,어지럽다,60
train,S003_20260927_211108_07_004,S003,어지럽다,60
train,S003_20260920_182058_07_008,S003,어지럽다,60
train,S002_20260919_135401_07_011,S002,어지럽다,60
train,S004_20260920_194032_07_008,S004,어지럽다,60
train,S004_20260920_194032_07_009,S004,어지럽다,60
train,S003_20260920_182058_07_004,S003,어지럽다,60
train,S004_20260920_194032_07_002,S004,어지럽다,60
train,S002_20260919_135401_07_007,S002,어지럽다,60
train,S001_20260918_170717_07_007,S001,어지럽다,60
train,S003_20260920_182058_07_011,S003,어지럽다,60
train,S001_20260918_170717_08_009,S001,기침,60
train,S001_20260918_170717_08_002,S001,기침,60
train,S001_20260918_170717_08_012,S001,기침,60
train,S004_20260920_194032_08_003,S004,기침,60
train,S003_20260920_182058_08_011,S003,기침,60
train,S002_20260927_144551_08_004,S002,기침,60
train,S002_20260927_144551_08_001,S002,기침,60
train,S004_20260927_193206_08_002,S004,기침,60
train,S002_20260919_135401_08_011,S002,기침,60
train,S001_20260918_170717_08_004,S001,기침,60
train,S001_20260927_191926_08_003,S001,기침,60
train,S003_20260920_182058_08_009,S003,기침,60
train,S003_20260927_211108_08_001,S003,기침,60
train,S003_20260920_182058_08_005,S003,기침,60
train,S002_20260919_135401_08_010,S002,기침,60
train,S002_20260919_135401_08_003,S002,기침,60
train,S001_20260918_170717_08_006,S001,기침,60
train,S004_20260920_194032_08_009,S004,기침,60
train,S002_20260927_144551_08_002,S002,기침,60
train,S001_20260918_170717_08_007,S001,기침,60
train,S003_20260920_182058_08_007,S003,기침,60
train,S002_20260919_135401_08_002,S002,기침,60
train,S001_20260918_170717_08_010,S001,기침,60
train,S004_20260927_193206_08_004,S004,기침,60
train,S003_20260920_182058_08_010,S003,기침,60
train,S001_20260918_170717_08_011,S001,기침,60
train,S001_20260927_191926_08_002,S001,기침,60
train,S004_20260920_194032_08_005,S004,기침,60
train,S003_20260920_182058_08_012,S003,기침,60
train,S004_20260920_194032_08_008,S004,기침,60
train,S002_20260919_135401_08_004,S002,기침,60
train,S004_20260920_194032_08_007,S004,기침,60
train,S004_20260927_193206_08_001,S004,기침,60
train,S002_20260919_135401_08_006,S002,기침,60
train,S001_20260918_170717_08_005,S001,기침,60
train,S003_20260927_211108_08_004,S003,기침,60
train,S002_20260919_135401_08_008,S002,기침,60
train,S004_20260920_194032_08_004,S004,기침,60
train,S003_20260920_182058_08_004,S003,기침,60
train,S003_20260920_182058_08_003,S003,기침,60
train,S001_20260918_170717_08_001,S001,기침,60
train,S004_20260920_194032_08_010,S004,기침,60
train,S004_20260920_194032_08_001,S004,기침,60
train,S001_20260918_170717_08_003,S001,기침,60
train,S002_20260919_135401_08_001,S002,기침,60
train,S001_20260927_191926_08_001,S001,기침,60
train,S003_20260920_182058_08_006,S003,기침,60
train,S002_20260919_135401_08_009,S002,기침,60
train,S001_20260918_170717_08_008,S001,기침,60
train,S003_20260920_182058_08_002,S003,기침,60
train,S003_20260920_182058_08_008,S003,기침,60
train,S002_20260919_135401_08_012,S002,기침,60
train,S002_20260919_135401_08_005,S002,기침,60
train,S004_20260920_194032_08_006,S004,기침,60
train,S004_20260920_194032_08_002,S004,기침,60
train,S002_20260919_135401_08_007,S002,기침,60
train,S001_20260927_191926_09_001,S001,있다,60
train,S003_20260920_182058_09_006,S003,있다,60
train,S004_20260920_194032_09_006,S004,있다,60
train,S001_20260918_170717_09_007,S001,있다,60
train,S002_20260927_144551_09_002,S002,있다,60
train,S004_20260920_194032_09_011,S004,있다,60
train,S001_20260918_170717_09_009,S001,있다,60
train,S001_20260918_170717_09_011,S001,있다,60
train,S004_20260927_193206_09_002,S004,있다,60
train,S003_20260920_182058_09_004,S003,있다,60
train,S004_20260920_194032_09_010,S004,있다,60
train,S003_20260927_211108_09_004,S003,있다,60
train,S002_20260919_135401_09_009,S002,있다,60
train,S004_20260920_194032_09_005,S004,있다,60
train,S003_20260920_182058_09_011,S003,있다,60
train,S003_20260927_211108_09_003,S003,있다,60
train,S002_20260919_135401_09_002,S002,있다,60
train,S004_20260920_194032_09_004,S004,있다,60
train,S003_20260920_182058_09_008,S003,있다,60
train,S001_20260927_191926_09_003,S001,있다,60
train,S001_20260918_170717_09_004,S001,있다,60
train,S004_20260927_193206_09_001,S004,있다,60
train,S003_20260920_182058_09_003,S003,있다,60
train,S001_20260918_170717_09_001,S001,있다,60
train,S002_20260919_135401_09_008,S002,있다,60
train,S002_20260919_135401_09_006,S002,있다,60
train,S003_20260920_182058_09_007,S003,있다,60
train,S001_20260918_170717_09_008,S001,있다,60
train,S002_20260919_135401_09_011,S002,있다,60
train,S003_20260920_182058_09_001,S003,있다,60
train,S002_20260919_135401_09_010,S002,있다,60
train,S004_20260920_194032_09_001,S004,있다,60
train,S002_20260919_135401_09_012,S002,있다,60
train,S002_20260927_144551_09_003,S002,있다,60
train,S001_20260918_170717_09_005,S001,있다,60
train,S002_20260927_144551_09_004,S002,있다,60
train,S004_20260920_194032_09_002,S004,있다,60
train,S001_20260918_170717_09_003,S001,있다,60
train,S001_20260918_170717_09_002,S001,있다,60
train,S001_20260918_170717_09_010,S001,있다,60
train,S001_20260927_191926_09_002,S001,있다,60
train,S001_20260927_191926_09_004,S001,있다,60
train,S002_20260919_135401_09_005,S002,있다,60
train,S003_20260927_211108_09_002,S003,있다,60
train,S002_20260919_135401_09_001,S002,있다,60
train,S004_20260920_194032_09_003,S004,있다,60
train,S004_20260927_193206_09_003,S004,있다,60
train,S002_20260919_135401_09_007,S002,있다,60
train,S003_20260920_182058_09_009,S003,있다,60
train,S003_20260920_182058_09_010,S003,있다,60
train,S004_20260927_193206_09_004,S004,있다,60
train,S003_20260920_182058_09_002,S003,있다,60
train,S002_20260919_135401_09_004,S002,있다,60
train,S001_20260918_170717_09_006,S001,있다,60
train,S003_20260927_211108_09_001,S003,있다,60
train,S002_20260919_135401_10_004,S002,가래,60
train,S003_20260920_182058_10_005,S003,가래,60
train,S001_20260918_170717_10_004,S001,가래,60
train,S001_20260918_170717_10_012,S001,가래,60
train,S002_20260927_144551_10_002,S002,가래,60
train,S003_20260920_182058_10_004,S003,가래,60
train,S003_20260927_211108_10_003,S003,가래,60
train,S001_20260918_170717_10_008,S001,가래,60
train,S003_20260920_182058_10_010,S003,가래,60
train,S004_20260920_194032_10_007,S004,가래,60
train,S004_20260927_193206_10_001,S004,가래,60
train,S003_20260920_182058_10_012,S003,가래,60
train,S001_20260918_170717_10_001,S001,가래,60
train,S001_20260927_191926_10_001,S001,가래,60
train,S003_20260920_182058_10_006,S003,가래,60
train,S002_20260919_135401_10_012,S002,가래,60
train,S001_20260918_170717_10_002,S001,가래,60
train,S004_20260927_193206_10_002,S004,가래,60
train,S003_20260920_182058_10_001,S003,가래,60
train,S003_20260920_182058_10_008,S003,가래,60
train,S004_20260927_193206_10_003,S004,가래,60
train,S002_20260919_135401_10_010,S002,가래,60
train,S001_20260927_191926_10_002,S001,가래,60
train,S001_20260918_170717_10_003,S001,가래,60
train,S001_20260918_170717_10_007,S001,가래,60
train,S004_20260927_193206_10_004,S004,가래,60
train,S003_20260920_182058_10_011,S003,가래,60
train,S002_20260919_135401_10_007,S002,가래,60
train,S002_20260919_135401_10_009,S002,가래,60
train,S001_20260927_191926_10_003,S001,가래,60
train,S001_20260918_170717_10_010,S001,가래,60
train,S001_20260918_170717_10_009,S001,가래,60
train,S001_20260918_170717_10_006,S001,가래,60
train,S003_20260920_182058_10_003,S003,가래,60
train,S002_20260919_135401_10_005,S002,가래,60
train,S002_20260919_135401_10_006,S002,가래,60
train,S003_20260927_211108_10_001,S003,가래,60
train,S003_20260927_211108_10_002,S003,가래,60
train,S002_20260919_135401_10_003,S002,가래,60
train,S001_20260918_170717_10_005,S001,가래,60
train,S004_20260920_194032_10_009,S004,가래,60
train,S004_20260920_194032_10_004,S004,가래,60
train,S004_20260920_194032_10_006,S004,가래,60
train,S004_20260920_194032_10_005,S004,가래,60
train,S002_20260927_144551_10_004,S002,가래,60
train,S003_20260920_182058_10_002,S003,가래,60
train,S004_20260920_194032_10_003,S004,가래,60
train,S004_20260920_194032_10_002,S004,가래,60
train,S002_20260919_135401_10_002,S002,가래,60
train,S003_20260920_182058_10_009,S003,가래,60
train,S001_20260927_191926_10_004,S001,가래,60
train,S004_20260920_194032_10_001,S004,가래,60
train,S002_20260919_135401_10_001,S002,가래,60
train,S002_20260927_144551_10_001,S002,가래,60
train,S002_20260927_144551_10_003,S002,가래,60
train,S004_20260920_194032_10_008,S004,가래,60
train,S003_20260927_211108_10_004,S003,가래,60
train,S001_20260918_170717_10_011,S001,가래,60
train,S004_20260920_194032_10_010,S004,가래,60
train,S002_20260919_135401_11_008,S002,메스껍다,60
train,S001_20260918_170717_11_005,S001,메스껍다,60
train,S001_20260918_170717_11_010,S001,메스껍다,60
train,S001_20260918_170717_11_007,S001,메스껍다,60
train,S002_20260919_135401_11_007,S002,메스껍다,60
train,S003_20260920_182058_11_004,S003,메스껍다,60
train,S003_20260927_211108_11_004,S003,메스껍다,60
train,S002_20260919_135401_11_004,S002,메스껍다,60
train,S002_20260927_144551_11_003,S002,메스껍다,60
train,S002_20260919_135401_11_011,S002,메스껍다,60
train,S002_20260919_135401_11_003,S002,메스껍다,60
train,S002_20260927_144551_11_001,S002,메스껍다,60
train,S001_20260918_170717_11_008,S001,메스껍다,60
train,S004_20260920_194032_11_008,S004,메스껍다,60
train,S003_20260920_182058_11_010,S003,메스껍다,60
train,S004_20260927_193206_11_004,S004,메스껍다,60
train,S001_20260918_170717_11_001,S001,메스껍다,60
train,S001_20260927_191926_11_004,S001,메스껍다,60
train,S001_20260918_170717_11_003,S001,메스껍다,60
train,S003_20260927_211108_11_002,S003,메스껍다,60
train,S004_20260927_193206_11_002,S004,메스껍다,60
train,S004_20260920_194032_11_001,S004,메스껍다,60
train,S003_20260920_182058_11_007,S003,메스껍다,60
train,S001_20260927_191926_11_001,S001,메스껍다,60
train,S003_20260920_182058_11_002,S003,메스껍다,60
train,S003_20260927_211108_11_001,S003,메스껍다,60
train,S004_20260920_194032_11_007,S004,메스껍다,60
train,S001_20260927_191926_11_003,S001,메스껍다,60
train,S001_20260927_191926_11_002,S001,메스껍다,60
train,S002_20260919_135401_11_005,S002,메스껍다,60
train,S004_20260920_194032_11_011,S004,메스껍다,60
train,S002_20260919_135401_11_001,S002,메스껍다,60
train,S001_20260918_170717_11_004,S001,메스껍다,60
train,S001_20260918_170717_11_012,S001,메스껍다,60
train,S004_20260920_194032_11_003,S004,메스껍다,60
train,S004_20260920_194032_11_002,S004,메스껍다,60
train,S004_20260927_193206_11_003,S004,메스껍다,60
train,S001_20260918_170717_11_006,S001,메스껍다,60
train,S004_20260920_194032_11_005,S004,메스껍다,60
train,S004_20260920_194032_11_009,S004,메스껍다,60
train,S003_20260920_182058_11_005,S003,메스껍다,60
train,S003_20260920_182058_11_006,S003,메스껍다,60
train,S004_20260920_194032_11_006,S004,메스껍다,60
train,S004_20260927_193206_11_001,S004,메스껍다,60
train,S003_20260920_182058_11_003,S003,메스껍다,60
train,S003_20260920_182058_11_008,S003,메스껍다,60
train,S001_20260918_170717_11_009,S001,메스껍다,60
train,S002_20260927_144551_11_002,S002,메스껍다,60
train,S001_20260918_170717_11_011,S001,메스껍다,60
train,S003_20260927_211108_11_003,S003,메스껍다,60
train,S002_20260919_135401_11_010,S002,메스껍다,60
train,S004_20260920_194032_11_004,S004,메스껍다,60
train,S003_20260920_182058_11_012,S003,메스껍다,60
train,S003_20260920_182058_11_011,S003,메스껍다,60
train,S002_20260919_135401_11_006,S002,메스껍다,60
train,S002_20260919_135401_11_009,S002,메스껍다,60
train,S001_20260918_170717_11_002,S001,메스껍다,60
train,S002_20260927_144551_11_004,S002,메스껍다,60
train,S002_20260919_135401_11_012,S002,메스껍다,60
train,S002_20260919_135401_11_002,S002,메스껍다,60
train,S002_20260919_135401_12_003,S002,지금,60
train,S001_20260918_170717_12_010,S001,지금,60
train,S003_20260920_182058_12_009,S003,지금,60
train,S003_20260920_182058_12_003,S003,지금,60
train,S003_20260920_182058_12_002,S003,지금,60
train,S003_20260920_182058_12_008,S003,지금,60
train,S003_20260920_182058_12_010,S003,지금,60
train,S004_20260920_194032_12_008,S004,지금,60
train,S001_20260918_170717_12_009,S001,지금,60
train,S002_20260927_144551_12_003,S002,지금,60
train,S002_20260919_135401_12_011,S002,지금,60
train,S003_20260920_182058_12_004,S003,지금,60
train,S004_20260920_194032_12_005,S004,지금,60
train,S004_20260927_193206_12_002,S004,지금,60
train,S002_20260919_135401_12_012,S002,지금,60
train,S002_20260927_144551_12_001,S002,지금,60
train,S001_20260918_170717_12_004,S001,지금,60
train,S003_20260920_182058_12_011,S003,지금,60
train,S004_20260920_194032_12_012,S004,지금,60
train,S001_20260918_170717_12_001,S001,지금,60
train,S004_20260920_194032_12_001,S004,지금,60
train,S002_20260919_135401_12_005,S002,지금,60
train,S004_20260920_194032_12_010,S004,지금,60
train,S003_20260920_182058_12_001,S003,지금,60
train,S001_20260918_170717_12_012,S001,지금,60
train,S002_20260919_135401_12_006,S002,지금,60
train,S004_20260920_194032_12_014,S004,지금,60
train,S002_20260919_135401_12_002,S002,지금,60
train,S002_20260919_135401_12_007,S002,지금,60
train,S001_20260918_170717_12_003,S001,지금,60
train,S004_20260920_194032_12_009,S004,지금,60
train,S003_20260920_182058_12_012,S003,지금,60
train,S003_20260927_211108_12_003,S003,지금,60
train,S001_20260927_191926_12_004,S001,지금,60
train,S004_20260920_194032_12_003,S004,지금,60
train,S001_20260918_170717_12_005,S001,지금,60
train,S001_20260927_191926_12_001,S001,지금,60
train,S002_20260919_135401_12_010,S002,지금,60
train,S002_20260919_135401_12_009,S002,지금,60
train,S004_20260927_193206_12_001,S004,지금,60
train,S004_20260920_194032_12_004,S004,지금,60
train,S001_20260918_170717_12_002,S001,지금,60
train,S003_20260920_182058_12_006,S003,지금,60
train,S001_20260918_170717_12_007,S001,지금,60
train,S002_20260919_135401_12_004,S002,지금,60
train,S004_20260920_194032_12_007,S004,지금,60
train,S001_20260918_170717_12_008,S001,지금,60
train,S003_20260927_211108_12_002,S003,지금,60
train,S003_20260927_211108_12_004,S003,지금,60
train,S004_20260920_194032_12_006,S004,지금,60
train,S003_20260920_182058_12_007,S003,지금,60
train,S001_20260918_170717_12_011,S001,지금,60
train,S002_20260919_135401_12_008,S002,지금,60
train,S004_20260920_194032_12_002,S004,지금,60
train,S002_20260919_135401_12_001,S002,지금,60
train,S003_20260927_211108_12_001,S003,지금,60
train,S002_20260927_144551_12_002,S002,지금,60
train,S001_20260927_191926_12_002,S001,지금,60
train,S004_20260927_193206_12_004,S004,지금,60
train,S003_20260920_182058_12_005,S003,지금,60
train,S001_20260927_191926_12_003,S001,지금,60
train,S004_20260920_194032_12_013,S004,지금,60
train,S002_20260919_135401_13_003,S002,어제,60
train,S003_20260920_182058_13_009,S003,어제,60
train,S001_20260918_170717_13_009,S001,어제,60
train,S004_20260920_194032_13_007,S004,어제,60
train,S002_20260919_135401_13_011,S002,어제,60
train,S003_20260920_182058_13_010,S003,어제,60
train,S003_20260920_182058_13_001,S003,어제,60
train,S002_20260919_135401_13_012,S002,어제,60
train,S001_20260918_170717_13_011,S001,어제,60
train,S001_20260918_170717_13_005,S001,어제,60
train,S001_20260918_170717_13_004,S001,어제,60
train,S003_20260927_211108_13_002,S003,어제,60
train,S003_20260920_182058_13_003,S003,어제,60
train,S002_20260919_135401_13_010,S002,어제,60
train,S001_20260918_170717_13_010,S001,어제,60
train,S001_20260918_170717_13_003,S001,어제,60
train,S004_20260927_195428_13_003,S004,어제,60
train,S001_20260927_191926_13_003,S001,어제,60
train,S002_20260927_144551_13_003,S002,어제,60
train,S003_20260927_211108_13_003,S003,어제,60
train,S004_20260920_194032_13_010,S004,어제,60
train,S004_20260920_194032_13_004,S004,어제,60
train,S001_20260918_170717_13_008,S001,어제,60
train,S004_20260920_194032_13_003,S004,어제,60
train,S003_20260920_182058_13_006,S003,어제,60
train,S003_20260927_211108_13_001,S003,어제,60
train,S003_20260920_182058_13_012,S003,어제,60
train,S002_20260919_135401_13_008,S002,어제,60
train,S004_20260920_194032_13_011,S004,어제,60
train,S004_20260927_195428_13_001,S004,어제,60
train,S001_20260927_191926_13_001,S001,어제,60
train,S003_20260920_182058_13_002,S003,어제,60
train,S001_20260918_170717_13_001,S001,어제,60
train,S003_20260920_182058_13_004,S003,어제,60
train,S004_20260920_194032_13_005,S004,어제,60
train,S003_20260920_182058_13_007,S003,어제,60
train,S004_20260927_195428_13_002,S004,어제,60
train,S004_20260920_194032_13_002,S004,어제,60
train,S002_20260919_135401_13_001,S002,어제,60
train,S002_20260919_135401_13_007,S002,어제,60
train,S001_20260927_191926_13_002,S001,어제,60
train,S003_20260927_211108_13_004,S003,어제,60
train,S001_20260918_170717_13_012,S001,어제,60
train,S002_20260919_135401_13_005,S002,어제,60
train,S002_20260927_144551_13_004,S002,어제,60
train,S001_20260918_170717_13_002,S001,어제,60
train,S002_20260919_135401_13_006,S002,어제,60
train,S002_20260919_135401_13_009,S002,어제,60
train,S003_20260920_182058_13_011,S003,어제,60
train,S003_20260920_182058_13_008,S003,어제,60
train,S003_20260920_182058_13_005,S003,어제,60
train,S002_20260927_144551_13_002,S002,어제,60
train,S004_20260920_194032_13_001,S004,어제,60
train,S001_20260927_191926_13_004,S001,어제,60
train,S002_20260927_144551_13_001,S002,어제,60
train,S004_20260920_194032_13_009,S004,어제,60
train,S002_20260919_135401_13_002,S002,어제,60
train,S001_20260918_170717_13_006,S001,어제,60
train,S004_20260920_194032_13_012,S004,어제,60
train,S004_20260920_194032_13_006,S004,어제,60
train,S004_20260920_194032_14_006,S004,심하다,60
train,S003_20260920_182058_14_001,S003,심하다,60
train,S003_20260920_182058_14_008,S003,심하다,60
train,S004_20260920_194032_14_005,S004,심하다,60
train,S003_20260920_182058_14_004,S003,심하다,60
train,S003_20260920_182058_14_009,S003,심하다,60
train,S002_20260927_144551_14_001,S002,심하다,60
train,S002_20260927_144551_14_002,S002,심하다,60
train,S004_20260920_194032_14_008,S004,심하다,60
train,S002_20260919_135401_14_010,S002,심하다,60
train,S002_20260919_135401_14_006,S002,심하다,60
train,S001_20260918_170717_14_003,S001,심하다,60
train,S001_20260918_170717_14_011,S001,심하다,60
train,S004_20260920_194032_14_004,S004,심하다,60
train,S002_20260919_135401_14_009,S002,심하다,60
train,S003_20260920_182058_14_005,S003,심하다,60
train,S002_20260919_135401_14_012,S002,심하다,60
train,S003_20260920_182058_14_011,S003,심하다,60
train,S003_20260920_182058_14_012,S003,심하다,60
train,S001_20260918_170717_14_004,S001,심하다,60
train,S001_20260927_191926_14_004,S001,심하다,60
train,S004_20260920_194032_14_009,S004,심하다,60
train,S001_20260918_170717_14_005,S001,심하다,60
train,S002_20260919_135401_14_007,S002,심하다,60
train,S001_20260918_170717_14_010,S001,심하다,60
train,S002_20260927_144551_14_004,S002,심하다,60
train,S004_20260920_194032_14_011,S004,심하다,60
train,S001_20260918_170717_14_002,S001,심하다,60
train,S003_20260927_211108_14_002,S003,심하다,60
train,S001_20260918_170717_14_009,S001,심하다,60
train,S001_20260918_170717_14_001,S001,심하다,60
train,S004_20260927_195428_14_003,S004,심하다,60
train,S004_20260920_194032_14_003,S004,심하다,60
train,S002_20260919_135401_14_008,S002,심하다,60
train,S004_20260927_195428_14_001,S004,심하다,60
train,S003_20260920_182058_14_010,S003,심하다,60
train,S004_20260920_194032_14_002,S004,심하다,60
train,S001_20260918_170717_14_007,S001,심하다,60
train,S002_20260919_135401_14_003,S002,심하다,60
train,S003_20260920_182058_14_007,S003,심하다,60
train,S003_20260920_182058_14_002,S003,심하다,60
train,S003_20260920_182058_14_006,S003,심하다,60
train,S002_20260919_135401_14_002,S002,심하다,60
train,S002_20260927_144551_14_003,S002,심하다,60
train,S004_20260920_194032_14_007,S004,심하다,60
train,S001_20260927_191926_14_002,S001,심하다,60
train,S004_20260920_194032_14_010,S004,심하다,60
train,S001_20260918_170717_14_012,S001,심하다,60
train,S003_20260927_211108_14_001,S003,심하다,60
train,S004_20260920_194032_14_001,S004,심하다,60
train,S004_20260927_195428_14_004,S004,심하다,60
train,S003_20260927_211108_14_004,S003,심하다,60
train,S004_20260920_194032_14_012,S004,심하다,60
train,S002_20260919_135401_14_005,S002,심하다,60
train,S001_20260927_191926_14_001,S001,심하다,60
train,S003_20260927_211108_14_003,S003,심하다,60
train,S001_20260918_170717_14_008,S001,심하다,60
train,S001_20260927_191926_14_003,S001,심하다,60
train,S002_20260919_135401_14_001,S002,심하다,60
train,S002_20260919_135401_14_004,S002,심하다,60
train,S003_20260920_182058_14_003,S003,심하다,60
train,S004_20260920_194032_15_004,S004,가슴,60
train,S003_20260927_211108_15_004,S003,가슴,60
train,S002_20260919_135401_15_008,S002,가슴,60
train,S001_20260927_191926_15_001,S001,가슴,60
train,S002_20260919_135401_15_005,S002,가슴,60
train,S004_20260920_194032_15_008,S004,가슴,60
train,S004_20260920_194032_15_010,S004,가슴,60
train,S002_20260927_144551_15_003,S002,가슴,60
train,S004_20260920_194032_15_012,S004,가슴,60
train,S001_20260918_170717_15_005,S001,가슴,60
train,S003_20260920_182058_15_009,S003,가슴,60
train,S004_20260920_194032_15_007,S004,가슴,60
train,S002_20260927_144551_15_002,S002,가슴,60
train,S002_20260919_135401_15_010,S002,가슴,60
train,S002_20260919_135401_15_003,S002,가슴,60
train,S002_20260919_135401_15_006,S002,가슴,60
train,S004_20260927_195428_15_002,S004,가슴,60
train,S001_20260918_170717_15_002,S001,가슴,60
train,S001_20260918_170717_15_010,S001,가슴,60
train,S003_20260920_182058_15_001,S003,가슴,60
train,S003_20260920_182058_15_012,S003,가슴,60
train,S002_20260919_135401_15_007,S002,가슴,60
train,S004_20260920_194032_15_005,S004,가슴,60
train,S003_20260920_182058_15_011,S003,가슴,60
train,S001_20260918_170717_15_001,S001,가슴,60
train,S003_20260920_182058_15_003,S003,가슴,60
train,S001_20260918_170717_15_003,S001,가슴,60
train,S002_20260919_135401_15_002,S002,가슴,60
train,S001_20260918_170717_15_012,S001,가슴,60
train,S004_20260927_195428_15_003,S004,가슴,60
train,S001_20260918_170717_15_011,S001,가슴,60
train,S004_20260927_195428_15_004,S004,가슴,60
train,S002_20260919_135401_15_001,S002,가슴,60
train,S003_20260927_211108_15_002,S003,가슴,60
train,S001_20260927_191926_15_002,S001,가슴,60
train,S001_20260918_170717_15_007,S001,가슴,60
train,S003_20260920_182058_15_010,S003,가슴,60
train,S001_20260918_170717_15_004,S001,가슴,60
train,S004_20260920_194032_15_006,S004,가슴,60
train,S003_20260920_182058_15_005,S003,가슴,60
train,S003_20260927_211108_15_003,S003,가슴,60
train,S002_20260919_135401_15_012,S002,가슴,60
train,S003_20260920_182058_15_006,S003,가슴,60
train,S002_20260919_135401_15_004,S002,가슴,60
train,S004_20260920_194032_15_011,S004,가슴,60
train,S002_20260927_144551_15_001,S002,가슴,60
train,S002_20260919_135401_15_009,S002,가슴,60
train,S003_20260920_182058_15_002,S003,가슴,60
train,S004_20260920_194032_15_002,S004,가슴,60
train,S001_20260927_191926_15_003,S001,가슴,60
train,S003_20260920_182058_15_008,S003,가슴,60
train,S004_20260920_194032_15_003,S004,가슴,60
train,S004_20260920_194032_15_009,S004,가슴,60
train,S003_20260920_182058_15_007,S003,가슴,60
train,S002_20260919_135401_15_011,S002,가슴,60
train,S004_20260920_194032_15_001,S004,가슴,60
train,S003_20260920_182058_15_004,S003,가슴,60
train,S001_20260918_170717_15_008,S001,가슴,60
train,S001_20260927_191926_15_004,S001,가슴,60
train,S001_20260918_170717_15_006,S001,가슴,60
train,S001_20260918_170717_16_001,S001,열,60
train,S001_20260918_170717_16_004,S001,열,60
train,S001_20260918_170717_16_010,S001,열,60
train,S001_20260927_191926_16_001,S001,열,60
train,S004_20260920_194032_16_007,S004,열,60
train,S001_20260918_170717_16_007,S001,열,60
train,S004_20260920_194032_16_012,S004,열,60
train,S004_20260927_195428_16_002,S004,열,60
train,S003_20260920_182058_16_002,S003,열,60
train,S001_20260918_170717_16_011,S001,열,60
train,S004_20260920_194032_16_006,S004,열,60
train,S002_20260919_135401_16_007,S002,열,60
train,S004_20260920_194032_16_002,S004,열,60
train,S001_20260918_170717_16_012,S001,열,60
train,S004_20260920_194032_16_004,S004,열,60
train,S003_20260927_211108_16_002,S003,열,60
train,S003_20260920_182058_16_009,S003,열,60
train,S001_20260927_191926_16_002,S001,열,60
train,S004_20260920_194032_16_009,S004,열,60
train,S004_20260927_195428_16_001,S004,열,60
train,S001_20260918_170717_16_009,S001,열,60
train,S003_20260927_211108_16_003,S003,열,60
train,S003_20260920_182058_16_008,S003,열,60
train,S003_20260920_182058_16_006,S003,열,60
train,S001_20260927_191926_16_004,S001,열,60
train,S003_20260920_182058_16_004,S003,열,60
train,S002_20260927_144551_16_003,S002,열,60
train,S002_20260919_135401_16_009,S002,열,60
train,S003_20260920_182058_16_010,S003,열,60
train,S004_20260920_194032_16_001,S004,열,60
train,S004_20260920_194032_16_010,S004,열,60
train,S001_20260927_191926_16_003,S001,열,60
train,S003_20260920_182058_16_012,S003,열,60
train,S001_20260918_170717_16_002,S001,열,60
train,S002_20260919_135401_16_001,S002,열,60
train,S003_20260920_182058_16_011,S003,열,60
train,S002_20260919_135401_16_005,S002,열,60
train,S002_20260919_135401_16_012,S002,열,60
train,S001_20260918_170717_16_003,S001,열,60
train,S004_20260920_194032_16_013,S004,열,60
train,S001_20260918_170717_16_006,S001,열,60
train,S004_20260920_194032_16_008,S004,열,60
train,S002_20260927_144551_16_004,S002,열,60
train,S003_20260920_182058_16_003,S003,열,60
train,S003_20260920_182058_16_001,S003,열,60
train,S002_20260919_135401_16_002,S002,열,60
train,S002_20260919_135401_16_010,S002,열,60
train,S004_20260920_194032_16_011,S004,열,60
train,S004_20260920_194032_16_014,S004,열,60
train,S003_20260927_211108_16_001,S003,열,60
train,S002_20260927_144551_16_002,S002,열,60
train,S004_20260927_195428_16_004,S004,열,60
train,S002_20260927_144551_16_001,S002,열,60
train,S002_20260919_135401_16_003,S002,열,60
train,S003_20260920_182058_16_005,S003,열,60
train,S004_20260920_194032_16_005,S004,열,60
train,S003_20260927_211108_16_004,S003,열,60
train,S003_20260920_182058_16_007,S003,열,60
train,S002_20260919_135401_16_004,S002,열,60
train,S004_20260920_194032_16_003,S004,열,60
train,S002_20260919_135401_16_006,S002,열,60
train,S001_20260918_170717_16_008,S001,열,60
train,S003_20260920_182058_17_011,S003,허리,60
train,S003_20260920_182058_17_005,S003,허리,60
train,S003_20260920_182058_17_002,S003,허리,60
train,S004_20260920_194032_17_012,S004,허리,60
train,S001_20260918_170717_17_005,S001,허리,60
train,S001_20260918_170717_17_012,S001,허리,60
train,S003_20260920_182058_17_008,S003,허리,60
train,S004_20260920_194032_17_005,S004,허리,60
train,S004_20260920_194032_17_008,S004,허리,60
train,S001_20260918_170717_17_002,S001,허리,60
train,S004_20260927_195428_17_003,S004,허리,60
train,S004_20260920_194032_17_010,S004,허리,60
train,S001_20260918_170717_17_003,S001,허리,60
train,S004_20260920_194032_17_009,S004,허리,60
train,S004_20260920_194032_17_003,S004,허리,60
train,S004_20260920_194032_17_013,S004,허리,60
train,S004_20260920_194032_17_004,S004,허리,60
train,S001_20260918_170717_17_010,S001,허리,60
train,S001_20260918_170717_17_006,S001,허리,60
train,S004_20260920_194032_17_014,S004,허리,60
train,S002_20260927_144551_17_004,S002,허리,60
train,S004_20260927_195428_17_001,S004,허리,60
train,S004_20260920_194032_17_011,S004,허리,60
train,S003_20260927_211108_17_004,S003,허리,60
train,S002_20260919_135401_17_005,S002,허리,60
train,S003_20260920_182058_17_003,S003,허리,60
train,S004_20260920_194032_17_001,S004,허리,60
train,S002_20260919_135401_17_003,S002,허리,60
train,S002_20260927_144551_17_003,S002,허리,60
train,S001_20260918_170717_17_009,S001,허리,60
train,S002_20260927_144551_17_002,S002,허리,60
train,S001_20260927_191926_17_002,S001,허리,60
train,S004_20260920_194032_17_006,S004,허리,60
train,S003_20260920_182058_17_009,S003,허리,60
train,S003_20260920_182058_17_012,S003,허리,60
train,S003_20260920_182058_17_004,S003,허리,60
train,S003_20260927_211108_17_002,S003,허리,60
train,S001_20260927_191926_17_001,S001,허리,60
train,S001_20260918_170717_17_004,S001,허리,60
train,S003_20260920_182058_17_007,S003,허리,60
train,S003_20260920_182058_17_010,S003,허리,60
train,S003_20260927_211108_17_003,S003,허리,60
train,S004_20260920_194032_17_007,S004,허리,60
train,S001_20260918_170717_17_001,S001,허리,60
train,S003_20260927_211108_17_001,S003,허리,60
train,S003_20260920_182058_17_006,S003,허리,60
train,S001_20260918_170717_17_008,S001,허리,60
train,S004_20260927_195428_17_004,S004,허리,60
train,S002_20260927_144551_17_001,S002,허리,60
train,S003_20260920_182058_17_001,S003,허리,60
train,S001_20260918_170717_18_004,S001,약,60
train,S002_20260919_135401_18_008,S002,약,60
train,S001_20260918_170717_18_012,S001,약,60
train,S003_20260927_211108_18_002,S003,약,60
train,S004_20260920_194032_18_004,S004,약,60
train,S003_20260920_182058_18_010,S003,약,60
train,S003_20260920_182058_18_002,S003,약,60
train,S002_20260919_135401_18_001,S002,약,60
train,S001_20260918_170717_18_006,S001,약,60
train,S003_20260920_182058_18_008,S003,약,60
train,S004_20260920_194032_18_007,S004,약,60
train,S001_20260918_170717_18_003,S001,약,60
train,S004_20260920_194032_18_010,S004,약,60
train,S003_20260920_182058_18_009,S003,약,60
train,S004_20260920_194032_18_006,S004,약,60
train,S003_20260920_182058_18_012,S003,약,60
train,S002_20260919_135401_18_010,S002,약,60
train,S001_20260927_191926_18_004,S001,약,60
train,S001_20260918_170717_18_011,S001,약,60
train,S001_20260918_170717_18_002,S001,약,60
train,S001_20260927_191926_18_002,S001,약,60
train,S003_20260920_182058_18_005,S003,약,60
train,S004_20260920_194032_18_012,S004,약,60
train,S003_20260927_211108_18_001,S003,약,60
train,S001_20260918_170717_18_008,S001,약,60
train,S004_20260927_195428_18_002,S004,약,60
train,S001_20260918_170717_18_007,S001,약,60
train,S002_20260919_135401_18_012,S002,약,60
train,S002_20260919_135401_18_005,S002,약,60
train,S002_20260927_144551_18_002,S002,약,60
train,S004_20260920_194032_18_013,S004,약,60
train,S004_20260920_194032_18_001,S004,약,60
train,S002_20260919_135401_18_007,S002,약,60
train,S002_20260927_144551_18_003,S002,약,60
train,S003_20260920_182058_18_003,S003,약,60
train,S002_20260927_144551_18_001,S002,약,60
train,S004_20260927_195428_18_001,S004,약,60
train,S004_20260927_195428_18_004,S004,약,60
train,S003_20260920_182058_18_011,S003,약,60
train,S003_20260920_182058_18_006,S003,약,60
train,S002_20260919_135401_18_004,S002,약,60
train,S002_20260919_135401_18_003,S002,약,60
train,S001_20260918_170717_18_001,S001,약,60
train,S004_20260920_194032_18_005,S004,약,60
train,S004_20260920_194032_18_009,S004,약,60
train,S002_20260919_135401_18_006,S002,약,60
train,S002_20260919_135401_18_011,S002,약,60
train,S004_20260920_194032_18_003,S004,약,60
train,S004_20260920_194032_18_002,S004,약,60
train,S002_20260919_135401_18_002,S002,약,60
train,S001_20260918_170717_18_005,S001,약,60
train,S001_20260918_170717_18_009,S001,약,60
train,S003_20260927_211108_18_004,S003,약,60
train,S003_20260920_182058_18_001,S003,약,60
train,S003_20260920_182058_18_007,S003,약,60
train,S004_20260927_195428_18_003,S004,약,60
train,S001_20260927_191926_18_001,S001,약,60
train,S002_20260919_135401_18_009,S002,약,60
train,S001_20260918_170717_18_010,S001,약,60
train,S003_20260920_182058_18_004,S003,약,60
train,S004_20260920_194032_18_011,S004,약,60
train,S002_20260927_144551_18_004,S002,약,60
train,S004_20260920_194032_19_008,S004,콧물,60
train,S001_20260918_170717_19_009,S001,콧물,60
train,S003_20260920_182058_19_005,S003,콧물,60
train,S002_20260919_135401_19_002,S002,콧물,60
train,S003_20260920_182058_19_007,S003,콧물,60
train,S003_20260927_211108_19_003,S003,콧물,60
train,S001_20260918_170717_19_004,S001,콧물,60
train,S001_20260927_191926_19_001,S001,콧물,60
train,S003_20260927_211108_19_004,S003,콧물,60
train,S004_20260927_195428_19_002,S004,콧물,60
train,S002_20260919_135401_19_011,S002,콧물,60
train,S004_20260920_194032_19_010,S004,콧물,60
train,S004_20260920_194032_19_005,S004,콧물,60
train,S003_20260920_182058_19_006,S003,콧물,60
train,S004_20260920_194032_19_006,S004,콧물,60
train,S004_20260927_195428_19_001,S004,콧물,60
train,S001_20260918_170717_19_008,S001,콧물,60
train,S003_20260920_182058_19_011,S003,콧물,60
train,S001_20260927_191926_19_002,S001,콧물,60
train,S002_20260919_135401_19_008,S002,콧물,60
train,S001_20260918_170717_19_012,S001,콧물,60
train,S004_20260927_195428_19_004,S004,콧물,60
train,S004_20260927_195428_19_003,S004,콧물,60
train,S004_20260920_194032_19_009,S004,콧물,60
train,S003_20260920_182058_19_001,S003,콧물,60
train,S001_20260918_170717_19_002,S001,콧물,60
train,S001_20260918_170717_19_001,S001,콧물,60
train,S003_20260920_182058_19_002,S003,콧물,60
train,S002_20260919_135401_19_004,S002,콧물,60
train,S001_20260918_170717_19_011,S001,콧물,60
train,S002_20260927_144551_19_001,S002,콧물,60
train,S003_20260920_182058_19_004,S003,콧물,60
train,S001_20260918_170717_19_007,S001,콧물,60
train,S002_20260919_135401_19_012,S002,콧물,60
train,S004_20260920_194032_19_007,S004,콧물,60
train,S001_20260927_191926_19_003,S001,콧물,60
train,S002_20260919_135401_19_003,S002,콧물,60
train,S004_20260920_194032_19_001,S004,콧물,60
train,S001_20260927_191926_19_004,S001,콧물,60
train,S001_20260918_170717_19_005,S001,콧물,60
train,S004_20260920_194032_19_011,S004,콧물,60
train,S001_20260918_170717_19_003,S001,콧물,60
train,S004_20260920_194032_19_004,S004,콧물,60
train,S002_20260927_144551_19_004,S002,콧물,60
train,S003_20260927_211108_19_002,S003,콧물,60
train,S003_20260920_182058_19_009,S003,콧물,60
train,S002_20260919_135401_19_005,S002,콧물,60
train,S002_20260919_135401_19_009,S002,콧물,60
train,S003_20260920_182058_19_003,S003,콧물,60
train,S003_20260920_182058_19_012,S003,콧물,60
train,S004_20260920_194032_19_012,S004,콧물,60
train,S001_20260918_170717_19_006,S001,콧물,60
train,S003_20260920_182058_19_010,S003,콧물,60
train,S002_20260919_135401_19_010,S002,콧물,60
train,S003_20260927_211108_19_001,S003,콧물,60
train,S003_20260920_182058_19_008,S003,콧물,60
train,S002_20260919_135401_19_006,S002,콧물,60
train,S002_20260919_135401_19_001,S002,콧물,60
train,S004_20260920_194032_19_003,S004,콧물,60
train,S002_20260927_144551_19_003,S002,콧물,60
train,S001_20260918_170717_19_010,S001,콧물,60
train,S003_20260927_211108_20_003,S003,설사,60
train,S002_20260927_144551_20_004,S002,설사,60
train,S001_20260918_170717_20_004,S001,설사,60
train,S004_20260920_194032_20_006,S004,설사,60
train,S003_20260920_182058_20_010,S003,설사,60
train,S002_20260919_135401_20_011,S002,설사,60
train,S001_20260918_170717_20_003,S001,설사,60
train,S001_20260927_191926_20_002,S001,설사,60
train,S001_20260927_191926_20_003,S001,설사,60
train,S003_20260927_211108_20_002,S003,설사,60
train,S004_20260920_194032_20_012,S004,설사,60
train,S004_20260920_194032_20_008,S004,설사,60
train,S001_20260918_170717_20_009,S001,설사,60
train,S004_20260920_194032_20_002,S004,설사,60
train,S002_20260919_135401_20_005,S002,설사,60
train,S001_20260918_170717_20_012,S001,설사,60
train,S003_20260920_182058_20_001,S003,설사,60
train,S001_20260918_170717_20_008,S001,설사,60
train,S001_20260918_170717_20_010,S001,설사,60
train,S003_20260920_182058_20_008,S003,설사,60
train,S003_20260927_211108_20_004,S003,설사,60
train,S003_20260920_182058_20_002,S003,설사,60
train,S002_20260919_135401_20_008,S002,설사,60
train,S003_20260920_182058_20_007,S003,설사,60
train,S002_20260919_135401_20_006,S002,설사,60
train,S004_20260920_194032_20_001,S004,설사,60
train,S004_20260920_194032_20_009,S004,설사,60
train,S001_20260918_170717_20_001,S001,설사,60
train,S002_20260919_135401_20_002,S002,설사,60
train,S002_20260919_135401_20_010,S002,설사,60
train,S001_20260918_170717_20_002,S001,설사,60
train,S003_20260920_182058_20_004,S003,설사,60
train,S004_20260920_194032_20_011,S004,설사,60
train,S004_20260920_194032_20_005,S004,설사,60
train,S003_20260920_182058_20_005,S003,설사,60
train,S003_20260920_182058_20_011,S003,설사,60
train,S001_20260927_191926_20_004,S001,설사,60
train,S001_20260918_170717_20_007,S001,설사,60
train,S002_20260927_144551_20_003,S002,설사,60
train,S002_20260919_135401_20_009,S002,설사,60
train,S001_20260927_191926_20_001,S001,설사,60
train,S004_20260920_194032_20_003,S004,설사,60
train,S004_20260927_195428_20_001,S004,설사,60
train,S002_20260919_135401_20_001,S002,설사,60
train,S003_20260927_211108_20_001,S003,설사,60
train,S002_20260919_135401_20_012,S002,설사,60
train,S003_20260920_182058_20_009,S003,설사,60
train,S002_20260919_135401_20_004,S002,설사,60
train,S003_20260920_182058_20_006,S003,설사,60
train,S002_20260919_135401_20_007,S002,설사,60
train,S002_20260927_144551_20_001,S002,설사,60
train,S001_20260918_170717_20_005,S001,설사,60
train,S001_20260918_170717_20_011,S001,설사,60
train,S003_20260920_182058_20_003,S003,설사,60
train,S003_20260920_182058_20_012,S003,설사,60
train,S002_20260919_135401_20_003,S002,설사,60
train,S004_20260927_195428_20_004,S004,설사,60
train,S002_20260927_144551_20_002,S002,설사,60
train,S004_20260920_194032_20_004,S004,설사,60
train,S004_20260920_194032_20_010,S004,설사,60
train,S002_20260919_135401_21_004,S002,없다,60
train,S002_20260927_144551_21_004,S002,없다,60
train,S004_20260927_195428_21_002,S004,없다,60
train,S002_20260919_135401_21_009,S002,없다,60
train,S003_20260920_182058_21_009,S003,없다,60
train,S003_20260927_211108_21_002,S003,없다,60
train,S001_20260918_170717_21_002,S001,없다,60
train,S002_20260919_135401_21_007,S002,없다,60
train,S002_20260927_144551_21_001,S002,없다,60
train,S004_20260920_194032_21_005,S004,없다,60
train,S004_20260920_194032_21_006,S004,없다,60
train,S003_20260920_182058_21_008,S003,없다,60
train,S004_20260920_194032_21_002,S004,없다,60
train,S001_20260927_191926_21_004,S001,없다,60
train,S003_20260920_182058_21_011,S003,없다,60
train,S003_20260920_182058_21_010,S003,없다,60
train,S002_20260919_135401_21_012,S002,없다,60
train,S004_20260920_194032_21_012,S004,없다,60
train,S004_20260920_194032_21_008,S004,없다,60
train,S003_20260927_211108_21_001,S003,없다,60
train,S004_20260920_194032_21_007,S004,없다,60
train,S004_20260920_194032_21_010,S004,없다,60
train,S003_20260920_182058_21_005,S003,없다,60
train,S003_20260920_182058_21_012,S003,없다,60
train,S004_20260920_194032_21_009,S004,없다,60
train,S003_20260920_182058_21_007,S003,없다,60
train,S001_20260918_170717_21_004,S001,없다,60
train,S004_20260920_194032_21_001,S004,없다,60
train,S003_20260927_211108_21_003,S003,없다,60
train,S001_20260918_170717_21_001,S001,없다,60
train,S003_20260920_182058_21_006,S003,없다,60
train,S004_20260927_195428_21_003,S004,없다,60
train,S004_20260920_194032_21_004,S004,없다,60
train,S003_20260920_182058_21_004,S003,없다,60
train,S002_20260919_135401_21_010,S002,없다,60
train,S001_20260927_191926_21_003,S001,없다,60
train,S001_20260918_170717_21_010,S001,없다,60
train,S001_20260918_170717_21_005,S001,없다,60
train,S002_20260927_144551_21_002,S002,없다,60
train,S001_20260918_170717_21_008,S001,없다,60
train,S002_20260919_135401_21_006,S002,없다,60
train,S004_20260927_195428_21_001,S004,없다,60
train,S002_20260927_144551_21_003,S002,없다,60
train,S002_20260919_135401_21_001,S002,없다,60
train,S001_20260918_170717_21_011,S001,없다,60
train,S002_20260919_135401_21_002,S002,없다,60
train,S003_20260920_182058_21_001,S003,없다,60
train,S003_20260920_182058_21_002,S003,없다,60
train,S002_20260919_135401_21_008,S002,없다,60
train,S003_20260920_182058_21_003,S003,없다,60
train,S004_20260920_194032_21_003,S004,없다,60
train,S001_20260918_170717_21_009,S001,없다,60
train,S001_20260927_191926_21_001,S001,없다,60
train,S001_20260918_170717_21_012,S001,없다,60
train,S002_20260919_135401_21_011,S002,없다,60
train,S003_20260927_211108_21_004,S003,없다,60
train,S002_20260919_135401_21_005,S002,없다,60
train,S002_20260919_135401_21_003,S002,없다,60
train,S004_20260920_194032_21_011,S004,없다,60
train,S001_20260918_170717_21_006,S001,없다,60
train,S002_20260919_135401_22_010,S002,구토,60
train,S003_20260920_182058_22_004,S003,구토,60
train,S002_20260919_135401_22_007,S002,구토,60
train,S001_20260918_170717_22_005,S001,구토,60
train,S001_20260918_170717_22_011,S001,구토,60
train,S003_20260920_182058_22_001,S003,구토,60
train,S002_20260919_135401_22_004,S002,구토,60
train,S003_20260927_211108_22_002,S003,구토,60
train,S002_20260919_135401_22_003,S002,구토,60
train,S003_20260920_182058_22_009,S003,구토,60
train,S001_20260918_170717_22_006,S001,구토,60
train,S003_20260920_182058_22_012,S003,구토,60
train,S004_20260920_194032_22_010,S004,구토,60
train,S001_20260918_170717_22_001,S001,구토,60
train,S004_20260920_194032_22_009,S004,구토,60
train,S004_20260920_194032_22_004,S004,구토,60
train,S001_20260927_191926_22_003,S001,구토,60
train,S002_20260927_144551_22_003,S002,구토,60
train,S004_20260920_194032_22_005,S004,구토,60
train,S004_20260920_194032_22_014,S004,구토,60
train,S001_20260927_191926_22_001,S001,구토,60
train,S001_20260918_170717_22_002,S001,구토,60
train,S003_20260920_182058_22_002,S003,구토,60
train,S002_20260919_135401_22_005,S002,구토,60
train,S004_20260927_195428_22_004,S004,구토,60
train,S001_20260918_170717_22_012,S001,구토,60
train,S002_20260919_135401_22_006,S002,구토,60
train,S001_20260918_170717_22_004,S001,구토,60
train,S003_20260920_182058_22_005,S003,구토,60
train,S004_20260920_194032_22_015,S004,구토,60
train,S004_20260920_194032_22_002,S004,구토,60
train,S002_20260927_144551_22_001,S002,구토,60
train,S001_20260927_191926_22_002,S001,구토,60
train,S004_20260920_194032_22_008,S004,구토,60
train,S001_20260918_170717_22_003,S001,구토,60
train,S002_20260919_135401_22_002,S002,구토,60
train,S004_20260920_194032_22_003,S004,구토,60
train,S003_20260920_182058_22_008,S003,구토,60
train,S004_20260927_195428_22_003,S004,구토,60
train,S004_20260927_195428_22_001,S004,구토,60
train,S003_20260920_182058_22_010,S003,구토,60
train,S004_20260920_194032_22_001,S004,구토,60
train,S001_20260918_170717_22_010,S001,구토,60
train,S003_20260927_211108_22_003,S003,구토,60
train,S003_20260920_182058_22_006,S003,구토,60
train,S002_20260919_135401_22_011,S002,구토,60
train,S004_20260920_194032_22_012,S004,구토,60
train,S003_20260927_211108_22_001,S003,구토,60
train,S003_20260927_211108_22_004,S003,구토,60
train,S003_20260920_182058_22_011,S003,구토,60
train,S002_20260919_135401_22_008,S002,구토,60
train,S002_20260927_144551_22_002,S002,구토,60
train,S002_20260919_135401_22_009,S002,구토,60
train,S001_20260918_170717_22_009,S001,구토,60
train,S003_20260920_182058_22_003,S003,구토,60
train,S004_20260920_194032_22_011,S004,구토,60
train,S001_20260927_191926_22_004,S001,구토,60
train,S001_20260918_170717_22_007,S001,구토,60
train,S001_20260918_170717_22_008,S001,구토,60
train,S002_20260927_144551_22_004,S002,구토,60
train,S003_20260920_182058_22_007,S003,구토,60
train,S002_20260919_135401_23_012,S002,조금,60
train,S003_20260920_182058_23_007,S003,조금,60
train,S004_20260927_195428_23_003,S004,조금,60
train,S002_20260919_135401_23_002,S002,조금,60
train,S001_20260918_170717_23_011,S001,조금,60
train,S001_20260918_170717_23_003,S001,조금,60
train,S001_20260918_170717_23_006,S001,조금,60
train,S002_20260919_135401_23_009,S002,조금,60
train,S002_20260927_144551_23_002,S002,조금,60
train,S004_20260920_194032_23_003,S004,조금,60
train,S003_20260927_211108_23_002,S003,조금,60
train,S003_20260920_182058_23_008,S003,조금,60
train,S003_20260920_182058_23_012,S003,조금,60
train,S001_20260927_191926_23_002,S001,조금,60
train,S001_20260927_191926_23_001,S001,조금,60
train,S004_20260920_194032_23_002,S004,조금,60
train,S004_20260920_194032_23_012,S004,조금,60
train,S004_20260920_194032_23_010,S004,조금,60
train,S003_20260927_211108_23_004,S003,조금,60
train,S002_20260927_144551_23_004,S002,조금,60
train,S004_20260927_195428_23_002,S004,조금,60
train,S003_20260927_211108_23_001,S003,조금,60
train,S002_20260919_135401_23_006,S002,조금,60
train,S002_20260919_135401_23_010,S002,조금,60
train,S004_20260927_195428_23_004,S004,조금,60
train,S003_20260927_211108_23_003,S003,조금,60
train,S002_20260919_135401_23_004,S002,조금,60
train,S004_20260920_194032_23_001,S004,조금,60
train,S001_20260927_191926_23_003,S001,조금,60
train,S003_20260920_182058_23_005,S003,조금,60
train,S001_20260918_170717_23_007,S001,조금,60
train,S003_20260920_182058_23_001,S003,조금,60
train,S002_20260919_135401_23_008,S002,조금,60
train,S002_20260927_144551_23_001,S002,조금,60
train,S002_20260927_144551_23_003,S002,조금,60
train,S001_20260918_170717_23_005,S001,조금,60
train,S004_20260920_194032_23_008,S004,조금,60
train,S003_20260920_182058_23_002,S003,조금,60
train,S002_20260919_135401_23_011,S002,조금,60
train,S004_20260920_194032_23_005,S004,조금,60
train,S001_20260918_170717_23_004,S001,조금,60
train,S004_20260920_194032_23_011,S004,조금,60
train,S004_20260920_194032_23_009,S004,조금,60
train,S004_20260920_194032_23_006,S004,조금,60
train,S002_20260919_135401_23_005,S002,조금,60
train,S003_20260920_182058_23_006,S003,조금,60
train,S001_20260927_191926_23_004,S001,조금,60
train,S002_20260919_135401_23_007,S002,조금,60
train,S001_20260918_170717_23_001,S001,조금,60
train,S004_20260927_195428_23_001,S004,조금,60
train,S001_20260918_170717_23_002,S001,조금,60
train,S003_20260920_182058_23_011,S003,조금,60
train,S001_20260918_170717_23_008,S001,조금,60
train,S001_20260918_170717_23_012,S001,조금,60
train,S004_20260920_194032_23_004,S004,조금,60
train,S002_20260919_135401_23_001,S002,조금,60
train,S003_20260920_182058_23_003,S003,조금,60
train,S001_20260918_170717_23_009,S001,조금,60
train,S001_20260918_170717_23_010,S001,조금,60
train,S004_20260920_194032_23_007,S004,조금,60
train,S003_20260920_182058_23_004,S003,조금,60
val,S003_20260911_163406_00_004,S003,IDLE,60
val,S002_20260910_183927_01_014,S002,OTHER,60
val,S001_20260907_144757_02_005,S001,나,60
val,S004_20260927_193206_03_002,S004,머리,60
val,S002_20260919_135401_04_010,S002,배,60
val,S002_20260919_135401_05_004,S002,목,60
val,S003_20260927_211108_06_001,S003,아프다,60
val,S002_20260919_135401_07_001,S002,어지럽다,60
val,S004_20260927_193206_08_003,S004,기침,60
val,S002_20260927_144551_09_001,S002,있다,60
val,S002_20260919_135401_10_008,S002,가래,60
val,S003_20260920_182058_11_009,S003,메스껍다,60
val,S004_20260920_194032_12_011,S004,지금,60
val,S004_20260920_194032_13_008,S004,어제,60
val,S001_20260918_170717_14_006,S001,심하다,60
val,S003_20260927_211108_15_001,S003,가슴,60
val,S002_20260919_135401_16_011,S002,열,60
val,S001_20260918_170717_17_011,S001,허리,60
val,S001_20260927_191926_18_003,S001,약,60
val,S002_20260919_135401_19_007,S002,콧물,60
val,S001_20260918_170717_20_006,S001,설사,60
val,S001_20260927_191926_21_002,S001,없다,60
val,S002_20260919_135401_22_001,S002,구토,60
val,S003_20260920_182058_23_009,S003,조금,60
test,S001_20260909_033028_00_010,S001,IDLE,60
test,S003_20260911_163406_00_002,S003,IDLE,60
test,S002_20260910_183927_01_004,S002,OTHER,60
test,S002_20260910_183927_01_003,S002,OTHER,60
test,S003_20260927_211108_02_002,S003,나,60
test,S003_20260911_163406_02_010,S003,나,60
test,S002_20260919_135401_03_007,S002,머리,60
test,S004_20260920_194032_03_006,S004,머리,60
test,S004_20260927_193206_04_004,S004,배,60
test,S002_20260919_135401_04_008,S002,배,60
test,S003_20260927_211108_05_001,S003,목,60
test,S003_20260927_211108_05_004,S003,목,60
test,S001_20260927_191926_06_004,S001,아프다,60
test,S004_20260913_200118_06_002,S004,아프다,60
test,S001_20260918_170717_07_004,S001,어지럽다,60
test,S004_20260920_194032_07_010,S004,어지럽다,60
test,S002_20260927_144551_08_003,S002,기침,60
test,S001_20260927_191926_08_004,S001,기침,60
test,S003_20260920_182058_09_005,S003,있다,60
test,S002_20260919_135401_09_003,S002,있다,60
test,S002_20260919_135401_10_011,S002,가래,60
test,S003_20260920_182058_10_007,S003,가래,60
test,S003_20260920_182058_11_001,S003,메스껍다,60
test,S004_20260920_194032_11_010,S004,메스껍다,60
test,S001_20260918_170717_12_006,S001,지금,60
test,S002_20260927_144551_12_004,S002,지금,60
test,S002_20260919_135401_13_004,S002,어제,60
test,S001_20260918_170717_13_007,S001,어제,60
test,S004_20260927_195428_14_002,S004,심하다,60
test,S002_20260919_135401_14_011,S002,심하다,60
test,S001_20260918_170717_15_009,S001,가슴,60
test,S002_20260927_144551_15_004,S002,가슴,60
test,S002_20260919_135401_16_008,S002,열,60
test,S001_20260918_170717_16_005,S001,열,60
test,S004_20260920_194032_17_002,S004,허리,60
test,S001_20260918_170717_17_007,S001,허리,60
test,S003_20260927_211108_18_003,S003,약,60
test,S004_20260920_194032_18_008,S004,약,60
test,S004_20260920_194032_19_002,S004,콧물,60
test,S002_20260927_144551_19_002,S002,콧물,60
test,S004_20260927_195428_20_002,S004,설사,60
test,S004_20260920_194032_20_007,S004,설사,60
test,S001_20260918_170717_21_007,S001,없다,60
test,S001_20260918_170717_21_003,S001,없다,60
test,S002_20260919_135401_22_012,S002,구토,60
test,S004_20260927_195428_22_002,S004,구토,60
test,S003_20260920_182058_23_010,S003,조금,60
test,S002_20260919_135401_23_003,S002,조금,60
